x-axis,2,3
second,Volt,Volt
-96.0000E-06,,
-95.5000E-06,,
-95.0000E-06,+4.9344535887E+00,+729.0206249E-03
-94.5000E-06,+4.9195793058E+00,+740.1391902E-03
-94.0000E-06,+4.9284234766E+00,+743.1673810E-03
-93.5000E-06,+4.9280215785E+00,+746.3572748E-03
-93.0000E-06,+4.9246042384E+00,+743.8838588E-03
-92.5000E-06,+4.9354584788E+00,+745.0859780E-03
-92.0000E-06,+4.9262122168E+00,+746.0336803E-03
-91.5000E-06,+4.9298307472E+00,+742.4738849E-03
-91.0000E-06,+4.9366638837E+00,+744.3232265E-03
-90.5000E-06,+4.9382730199E+00,+743.4447462E-03
-90.0000E-06,+4.9304328708E+00,+739.3068727E-03
-89.5000E-06,+4.9302321629E+00,+738.4748216E-03
-89.0000E-06,+4.9382735023E+00,+743.3526980E-03
-88.5000E-06,+4.9368652669E+00,+741.7801002E-03
-88.0000E-06,+4.9434988533E+00,+736.9260153E-03
-87.5000E-06,+4.9384742102E+00,+731.3322048E-03
-87.0000E-06,+4.9326450954E+00,+730.3611770E-03
-86.5000E-06,+4.9368662318E+00,+731.5170114E-03
-86.0000E-06,+4.9284234766E+00,+734.5221652E-03
-85.5000E-06,+4.9302331277E+00,+734.3832662E-03
-85.0000E-06,+4.9233983510E+00,+731.1015794E-03
-84.5000E-06,+4.9334486022E+00,+740.0932604E-03
-84.0000E-06,+4.9378714112E+00,+744.7858975E-03
-83.5000E-06,+4.9320422964E+00,+746.0338245E-03
-83.0000E-06,+4.9227938154E+00,+743.5829683E-03
-82.5000E-06,+4.9163623841E+00,+743.5832235E-03
-82.0000E-06,+4.9258120554E+00,+745.7793854E-03
-81.5000E-06,+4.9288263396E+00,+740.7636974E-03
-81.0000E-06,+4.9376714752E+00,+745.1553664E-03
-80.5000E-06,+4.9473188634E+00,+744.7857311E-03
-80.0000E-06,+4.9404828325E+00,+740.9246791E-03
-79.5000E-06,+4.9485239789E+00,+740.9018862E-03
-79.0000E-06,+4.9370656853E+00,+742.0357043E-03
-78.5000E-06,+4.9384737278E+00,+739.8615587E-03
-78.0000E-06,+4.9382737918E+00,+736.0012502E-03
-77.5000E-06,+4.9334486022E+00,+731.9100388E-03
-77.0000E-06,+4.9302313911E+00,+729.9684603E-03
-76.5000E-06,+4.9384737278E+00,+730.7314115E-03
-76.0000E-06,+4.9485239789E+00,+732.4652241E-03
-75.5000E-06,+4.9434988533E+00,+735.3773754E-03
-75.0000E-06,+4.9284209681E+00,+731.9106158E-03
-74.5000E-06,+4.9284234766E+00,+739.5149161E-03
-74.0000E-06,+4.9266117994E+00,+745.5946121E-03
-73.5000E-06,+4.9260127632E+00,+745.5021533E-03
-73.0000E-06,+4.9201836485E+00,+745.3629881E-03
-72.5000E-06,+4.9274170429E+00,+745.3172358E-03
-72.0000E-06,+4.9388786169E+00,+745.8725099E-03
-71.5000E-06,+4.9334486022E+00,+740.8306226E-03
-71.0000E-06,+4.9384737278E+00,+744.8782231E-03
-70.5000E-06,+4.9368702840E+00,+743.7219228E-03
-70.0000E-06,+4.9364621145E+00,+740.9249343E-03
-69.5000E-06,+4.9410836053E+00,+740.0004910E-03
-69.0000E-06,+4.9384737278E+00,+742.5905568E-03
-68.5000E-06,+4.9322475390E+00,+740.7625434E-03
-68.0000E-06,+4.9434988533E+00,+734.9140941E-03
-67.5000E-06,+4.9384737278E+00,+730.0603976E-03
-67.0000E-06,+4.9390732463E+00,+729.6674257E-03
-66.5000E-06,+4.9348574165E+00,+729.9225083E-03
-66.0000E-06,+4.9428940283E+00,+732.8357027E-03
-65.5000E-06,+4.9286226408E+00,+735.3086638E-03
-65.0000E-06,+4.9264171699E+00,+730.9882140E-03
-64.5000E-06,+4.9233983510E+00,+741.1106951E-03
-64.0000E-06,+4.9336457402E+00,+746.0569947E-03
-63.5000E-06,+4.9318385976E+00,+745.9869738E-03
-63.0000E-06,+4.9310305561E+00,+744.5309147E-03
-62.5000E-06,+4.9284214505E+00,+744.6238395E-03
-62.0000E-06,+4.9191751886E+00,+745.9638369E-03
-61.5000E-06,+4.9252115720E+00,+742.0320206E-03
-61.0000E-06,+4.9260135351E+00,+745.7793854E-03
-60.5000E-06,+4.9348513381E+00,+743.0512528E-03
-60.0000E-06,+4.9334486022E+00,+742.1962201E-03
-59.5000E-06,+4.9434988533E+00,+740.1874501E-03
-59.0000E-06,+4.9440996262E+00,+742.5444938E-03
-58.5000E-06,+4.9334486022E+00,+740.6466815E-03
-58.0000E-06,+4.9350497304E+00,+735.5615052E-03
-57.5000E-06,+4.9284234766E+00,+731.3321494E-03
-57.0000E-06,+4.9372653319E+00,+731.6321077E-03
-56.5000E-06,+4.9338530089E+00,+730.2693840E-03
-56.0000E-06,+4.9430992708E+00,+732.5798322E-03
-55.5000E-06,+4.9434988533E+00,+734.3600073E-03
-55.0000E-06,+4.9344586058E+00,+730.1806644E-03
-54.5000E-06,+4.9306370520E+00,+739.6771627E-03
-54.0000E-06,+4.9306294299E+00,+745.2014959E-03
-53.5000E-06,+4.9107453621E+00,+746.1483439E-03
-53.0000E-06,+4.9185716178E+00,+745.1102355E-03
-52.5000E-06,+4.9233983510E+00,+744.9709482E-03
-52.0000E-06,+4.9298358608E+00,+746.3572748E-03
-51.5000E-06,+4.9356677736E+00,+741.4339679E-03
-51.0000E-06,+4.9418880769E+00,+743.0751775E-03
-50.5000E-06,+4.9334486022E+00,+742.4048293E-03
-50.0000E-06,+4.9334458042E+00,+741.7338375E-03
-49.5000E-06,+4.9326474110E+00,+738.9368491E-03
-49.0000E-06,+4.9334486022E+00,+741.9910616E-03
-48.5000E-06,+4.9336553885E+00,+740.5783804E-03
-48.0000E-06,+4.9398749199E+00,+735.7468887E-03
-47.5000E-06,+4.9384737278E+00,+731.3321494E-03
-47.0000E-06,+4.9483199907E+00,+731.3321494E-03
-46.5000E-06,+4.9384737278E+00,+732.9278175E-03
-46.0000E-06,+4.9398777179E+00,+734.4765683E-03
-45.5000E-06,+4.9340577690E+00,+733.9676789E-03
-45.0000E-06,+4.9223995394E+00,+730.5281060E-03
-44.5000E-06,+4.9310302667E+00,+740.0004910E-03
-44.0000E-06,+4.9334486022E+00,+745.3412825E-03
-43.5000E-06,+4.9280246659E+00,+744.6694697E-03
-43.0000E-06,+4.9334486022E+00,+744.4852845E-03
-42.5000E-06,+4.9354553913E+00,+745.2014959E-03
-42.0000E-06,+4.9262091294E+00,+746.3572748E-03
-41.5000E-06,+4.9312441927E+00,+741.7341593E-03
-41.0000E-06,+4.9340549710E+00,+745.7096530E-03
-40.5000E-06,+4.9340414634E+00,+741.8477910E-03
-40.0000E-06,+4.9354518215E+00,+740.1137122E-03
-39.5000E-06,+4.9416932545E+00,+741.1112277E-03
-39.0000E-06,+4.9408892653E+00,+742.4559407E-03
-38.5000E-06,+4.9436893341E+00,+740.2077243E-03
-38.0000E-06,+4.9400888459E+00,+735.8830693E-03
-37.5000E-06,+4.9384701579E+00,+730.1767810E-03
-37.0000E-06,+4.9376733084E+00,+730.0843222E-03
-36.5000E-06,+4.9302397850E+00,+729.9918635E-03
-36.0000E-06,+4.9360653300E+00,+732.7169781E-03
-35.5000E-06,+4.9416861148E+00,+734.0606370E-03
-35.0000E-06,+4.9254158497E+00,+731.9121802E-03
-34.5000E-06,+4.9284234766E+00,+740.6490227E-03
-34.0000E-06,+4.9372752696E+00,+744.9947619E-03
-33.5000E-06,+4.9284234766E+00,+746.0345346E-03
-33.0000E-06,+4.9177625150E+00,+744.1159488E-03
-32.5000E-06,+4.9213844222E+00,+745.5477836E-03
-32.0000E-06,+4.9221884114E+00,+745.9185284E-03
-31.5000E-06,+4.9334486022E+00,+740.3739653E-03
-31.0000E-06,+4.9338466410E+00,+743.4678276E-03
-30.5000E-06,+4.9358526583E+00,+743.0281714E-03
-30.0000E-06,+4.9515430872E+00,+740.2311830E-03
-29.5000E-06,+4.9334486022E+00,+740.5783804E-03
-29.0000E-06,+4.9348597321E+00,+743.1946787E-03
-28.5000E-06,+4.9428917127E+00,+740.8769852E-03
-28.0000E-06,+4.9288171737E+00,+735.9552649E-03
-27.5000E-06,+4.9304251522E+00,+729.8286737E-03
-27.0000E-06,+4.9416940264E+00,+730.1763705E-03
-26.5000E-06,+4.9358649116E+00,+730.7542599E-03
-26.0000E-06,+4.9436870185E+00,+730.7326209E-03
-25.5000E-06,+4.9443071843E+00,+735.0458254E-03
-25.0000E-06,+4.9133524416E+00,+731.3351451E-03
-24.5000E-06,+4.9326489547E+00,+740.8803915E-03
-24.0000E-06,+4.9233983510E+00,+745.8040202E-03
-23.5000E-06,+4.9233983510E+00,+746.3572748E-03
-23.0000E-06,+4.9284234766E+00,+744.6713782E-03
-22.5000E-06,+4.9254173935E+00,+746.4707845E-03
-22.0000E-06,+4.9430877894E+00,+746.9115281E-03
-21.5000E-06,+4.9505568183E+00,+740.8263620E-03
-21.0000E-06,+4.9334486022E+00,+746.5185562E-03
-20.5000E-06,+4.9384737278E+00,+743.0028598E-03
-20.0000E-06,+4.9334486022E+00,+741.7341593E-03
-19.5000E-06,+4.9296341881E+00,+740.5574183E-03
-19.0000E-06,+4.9434988533E+00,+743.2173496E-03
-18.5000E-06,+4.9392682617E+00,+739.6510300E-03
-18.0000E-06,+4.9447001095E+00,+734.0328289E-03
-17.5000E-06,+4.9485239789E+00,+731.5627526E-03
-17.0000E-06,+4.9463080880E+00,+730.8224944E-03
-16.5000E-06,+4.9370618260E+00,+731.5661034E-03
-16.0000E-06,+4.9384737278E+00,+733.1357276E-03
-15.5000E-06,+4.9282273999E+00,+734.8220348E-03
-15.0000E-06,+4.9223982851E+00,+731.3378524E-03
-14.5000E-06,+4.9266194215E+00,+741.6896497E-03
-14.0000E-06,+4.9358656834E+00,+746.3792356E-03
-13.5000E-06,+4.9284234766E+00,+745.9648910E-03
-13.0000E-06,+4.9208005339E+00,+745.6863386E-03
-12.5000E-06,+4.9183885662E+00,+745.2026721E-03
-12.0000E-06,+4.9199709768E+00,+747.4211830E-03
-11.5000E-06,+4.9352679981E+00,+740.6880067E-03
-11.0000E-06,+4.9384737278E+00,+744.6479195E-03
-10.5000E-06,+4.9366594455E+00,+743.6764701E-03
-10.0000E-06,+4.9465033928E+00,+742.5413871E-03
-9.5000E-06,+4.9384737278E+00,+740.5309305E-03
-9.0000E-06,+4.9396690985E+00,+744.0737360E-03
-8.5000E-06,+4.9362519514E+00,+743.0511308E-03
-8.0000E-06,+4.9256040149E+00,+735.6310268E-03
-7.5000E-06,+4.9364582552E+00,+731.6782595E-03
-7.0000E-06,+4.9346600855E+00,+731.7707182E-03
-6.5000E-06,+4.9292384649E+00,+732.3473428E-03
-6.0000E-06,+4.9388702229E+00,+733.5525132E-03
-5.5000E-06,+4.9473234946E+00,+735.2393197E-03
-5.0000E-06,+4.9254028246E+00,+732.0333125E-03
-4.5000E-06,+4.9262068138E+00,+740.5783804E-03
-4.0000E-06,+4.9211985727E+00,+745.1109789E-03
-3.5000E-06,+4.9227896667E+00,+746.2872761E-03
-3.0000E-06,+4.9185685303E+00,+745.2239560E-03
-2.5000E-06,+4.9193725195E+00,+744.5086877E-03
-2.0000E-06,+4.9352518855E+00,+746.5646524E-03
-1.5000E-06,+4.9433094340E+00,+742.8463717E-03
-1.0000E-06,+4.9368598639E+00,+745.3870903E-03
-500.0E-09,+4.9334486022E+00,+742.9830738E-03
-0.0E+00,+2.3778421446E+00,+741.1549162E-03
+500.0E-09,-31.3754652E-03,+741.0644879E-03
+1.0000E-06,-23.1461537E-03,+744.6991086E-03
+1.5000E-06,-8.6559196E-03,+740.8060988E-03
+2.0000E-06,-4.8548201E-03,+734.5907548E-03
+2.5000E-06,-5.2387724E-03,+731.2158769E-03
+3.0000E-06,-1.2247118E-03,+730.2001842E-03
+3.5000E-06,+3.8004138E-03,+732.4192832E-03
+4.0000E-06,+11.0488595E-03,+732.9712397E-03
+4.5000E-06,+980.1802E-06,+735.8845006E-03
+5.0000E-06,+8.8255394E-03,+733.4189623E-03
+5.5000E-06,+8.8255394E-03,+738.4062320E-03
+6.0000E-06,+9.2338053E-03,+745.2484465E-03
+6.5000E-06,+8.8255394E-03,+745.1559878E-03
+7.0000E-06,+3.8004138E-03,+745.0635290E-03
+7.5000E-06,+10.8292410E-03,+750.1793761E-03
+8.0000E-06,+11.0429740E-03,+748.4138276E-03
+8.5000E-06,+7.4120939E-03,+749.7523160E-03
+9.0000E-06,+13.2412087E-03,+747.7233161E-03
+9.5000E-06,+3.9949468E-03,+749.8022402E-03
+10.0000E-06,-1.2247118E-03,+752.5992286E-03
+10.5000E-06,+5.6029252E-03,+757.1298854E-03
+11.0000E-06,+8.6376637E-03,+764.5499894E-03
+11.5000E-06,+8.8255394E-03,+770.2155849E-03
+12.0000E-06,+4.6110603E-03,+776.5939745E-03
+12.5000E-06,+3.8004138E-03,+783.9208541E-03
+13.0000E-06,+11.4586692E-03,+793.2857431E-03
+13.5000E-06,+3.8004138E-03,+804.1716526E-03
+14.0000E-06,+6.2057241E-03,+816.6571801E-03
+14.5000E-06,+6.0385922E-03,+824.9016683E-03
+15.0000E-06,+5.8240874E-03,+832.7033574E-03
+15.5000E-06,+8.4098442E-03,+847.1729647E-03
+16.0000E-06,+8.8255394E-03,+862.2388273E-03
+16.5000E-06,+6.6006755E-03,+869.1256957E-03
+17.0000E-06,+3.8004138E-03,+875.5103875E-03
+17.5000E-06,+5.8174301E-03,+891.1955950E-03
+18.0000E-06,+3.8004138E-03,+899.7968699E-03
+18.5000E-06,+13.0325893E-03,+904.1681316E-03
+19.0000E-06,+3.4054624E-03,+911.9844474E-03
+19.5000E-06,-1.2247118E-03,+920.9062628E-03
+20.0000E-06,+6.8226095E-03,+930.2433327E-03
+20.5000E-06,+3.2117013E-03,+942.4491872E-03
+21.0000E-06,+5.2146311E-03,+953.9648852E-03
+21.5000E-06,+3.8004138E-03,+967.3917462E-03
+22.0000E-06,-1.0309507E-03,+980.2688033E-03
+22.5000E-06,+6.8300387E-03,+994.5096936E-03
+23.0000E-06,+8.8255394E-03,+1.0082172596E+00
+23.5000E-06,+6.2198106E-03,+1.0219462537E+00
+24.0000E-06,-1.2247118E-03,+1.0373454860E+00
+24.5000E-06,-1.2247118E-03,+1.0538304790E+00
+25.0000E-06,+8.8106810E-03,+1.0653667703E+00
+25.5000E-06,+8.0289793E-03,+1.0882495367E+00
+26.0000E-06,+3.8004138E-03,+1.1064080965E+00
+26.5000E-06,+3.8004138E-03,+1.1162313627E+00
+27.0000E-06,+5.6170117E-03,+1.1263372200E+00
+27.5000E-06,-212.1031E-06,+1.1435055735E+00
+28.0000E-06,-1.0160924E-03,+1.1549730921E+00
+28.5000E-06,-629.3420E-06,+1.1635249837E+00
+29.0000E-06,+7.4261804E-03,+1.1707183457E+00
+29.5000E-06,+1.5970656E-03,+1.1840329397E+00
+30.0000E-06,+2.8108645E-03,+1.1988491565E+00
+30.5000E-06,+3.8004138E-03,+1.2142690513E+00
+31.0000E-06,+4.2102235E-03,+1.2280690760E+00
+31.5000E-06,-830.5323E-06,+1.2423563289E+00
+32.0000E-06,+3.8004138E-03,+1.2569626937E+00
+32.5000E-06,+1.7982558E-03,+1.2733969831E+00
+33.0000E-06,+994.2666E-06,+1.2904590307E+00
+33.5000E-06,+3.8004138E-03,+1.3083015409E+00
+34.0000E-06,+12.0176650E-03,+1.3244417414E+00
+34.5000E-06,+3.8004138E-03,+1.3442509087E+00
+35.0000E-06,-227.7333E-06,+1.3562830743E+00
+35.5000E-06,+3.8004138E-03,+1.3816113266E+00
+36.0000E-06,+3.8004138E-03,+1.4013630803E+00
+36.5000E-06,+3.8004138E-03,+1.4122514640E+00
+37.0000E-06,-2.8490923E-03,+1.4215014675E+00
+37.5000E-06,+8.8091373E-03,+1.4392712357E+00
+38.0000E-06,-428.9236E-06,+1.4520517980E+00
+38.5000E-06,+3.8004138E-03,+1.4620203097E+00
+39.0000E-06,-6.2498374E-03,+1.4708292701E+00
+39.5000E-06,+592.6579E-06,+1.4821087395E+00
+40.0000E-06,+3.8004138E-03,+1.4976183525E+00
+40.5000E-06,+8.6161481E-03,+1.5123015842E+00
+41.0000E-06,+4.3950117E-03,+1.5250103475E+00
+41.5000E-06,+4.6297779E-03,+1.5400856080E+00
+42.0000E-06,-3.4272881E-03,+1.5534474189E+00
+42.5000E-06,-236.7062E-06,+1.5690445976E+00
+43.0000E-06,-1.2247118E-03,+1.5873069003E+00
+43.5000E-06,+3.8004138E-03,+1.6026837058E+00
+44.0000E-06,-1.2247118E-03,+1.6198546584E+00
+44.5000E-06,+3.8004138E-03,+1.6418646809E+00
+45.0000E-06,+3.8004138E-03,+1.6555148637E+00
+45.5000E-06,+1.5806635E-03,+1.6797551834E+00
+46.0000E-06,+2.3846527E-03,+1.6986296218E+00
+46.5000E-06,+8.2137675E-03,+1.7075984766E+00
+47.0000E-06,-6.0576200E-03,+1.7175683752E+00
+47.5000E-06,+2.8042072E-03,+1.7326006351E+00
+48.0000E-06,-4.8251034E-03,+1.7461060078E+00
+48.5000E-06,+1.3794733E-03,+1.7527622730E+00
+49.0000E-06,-2.8416631E-03,+1.7573976823E+00
+49.5000E-06,+2.9874517E-03,+1.7677514435E+00
+50.0000E-06,+3.8004138E-03,+1.7807845337E+00
+50.5000E-06,-1.2247118E-03,+1.7934308433E+00
+51.0000E-06,+1.9732993E-03,+1.8033432950E+00
+51.5000E-06,-1.2247118E-03,+1.8126388955E+00
+52.0000E-06,-1.2247118E-03,+1.8259041201E+00
+52.5000E-06,-1.2247118E-03,+1.8384621872E+00
+53.0000E-06,-6.2498374E-03,+1.8537867940E+00
+53.5000E-06,-1.2247118E-03,+1.8677675199E+00
+54.0000E-06,-4.8520221E-03,+1.8848300113E+00
+54.5000E-06,+977.0927E-06,+1.9009415937E+00
+55.0000E-06,+794.6201E-06,+1.9134830703E+00
+55.5000E-06,-9.3691E-06,+1.9354574846E+00
+56.0000E-06,+3.3890604E-03,+1.9502902031E+00
+56.5000E-06,-1.6173476E-03,+1.9592117522E+00
+57.0000E-06,-6.2498374E-03,+1.9630070440E+00
+57.5000E-06,+775.9025E-06,+1.9801729342E+00
+58.0000E-06,-3.4452339E-03,+1.9880534929E+00
+58.5000E-06,+2.3838809E-03,+1.9922869097E+00
+59.0000E-06,-5.6372937E-03,+1.9947393525E+00
+59.5000E-06,-5.8669463E-03,+2.0025788385E+00
+60.0000E-06,-1.2247118E-03,+2.0082388641E+00
+60.5000E-06,+3.4272675E-03,+2.0207246024E+00
+61.0000E-06,+3.9821146E-03,+2.0260412030E+00
+61.5000E-06,-2.8424350E-03,+2.0338751745E+00
+62.0000E-06,-1.2247118E-03,+2.0404388921E+00
+62.5000E-06,-11.2652182E-03,+2.0506559846E+00
+63.0000E-06,-6.2498374E-03,+2.0595346219E+00
+63.5000E-06,-1.2247118E-03,+2.0716945577E+00
+64.0000E-06,+3.8004138E-03,+2.0819105294E+00
+64.5000E-06,+2.4131151E-03,+2.0915349865E+00
+65.0000E-06,+3.8004138E-03,+2.1011749412E+00
+65.5000E-06,+3.5894788E-03,+2.1206996533E+00
+66.0000E-06,-631.6576E-06,+2.1314218625E+00
+66.5000E-06,-1.2247118E-03,+2.1329058628E+00
+67.0000E-06,+1.5993811E-03,+2.1331104665E+00
+67.5000E-06,-1.2247118E-03,+2.1440684246E+00
+68.0000E-06,-2.4408263E-03,+2.1481956824E+00
+68.5000E-06,-1.2247118E-03,+2.1491884712E+00
+69.0000E-06,-1.2247118E-03,+2.1444971545E+00
+69.5000E-06,-2.4205649E-03,+2.1496381578E+00
+70.0000E-06,+1.8005714E-03,+2.1532880819E+00
+70.5000E-06,-1.2247118E-03,+2.1592969582E+00
+71.0000E-06,+3.8004138E-03,+2.1609417072E+00
+71.5000E-06,-1.8380273E-03,+2.1616790472E+00
+72.0000E-06,-6.2498374E-03,+2.1633421843E+00
+72.5000E-06,-2.2193747E-03,+2.1683144168E+00
+73.0000E-06,-2.6525331E-03,+2.1738657481E+00
+73.5000E-06,-3.6471960E-03,+2.1795023706E+00
+74.0000E-06,+2.1819188E-03,+2.1850963474E+00
+74.5000E-06,-272.1153E-06,+2.1884264079E+00
+75.0000E-06,-1.2141952E-03,+2.1945651458E+00
+75.5000E-06,-6.2498374E-03,+2.2062580389E+00
+76.0000E-06,-6.4825774E-03,+2.2118313671E+00
+76.5000E-06,-1.0024883E-03,+2.2104273959E+00
+77.0000E-06,-9.4552776E-03,+2.2073116838E+00
+77.5000E-06,+1.7690216E-03,+2.2115590254E+00
+78.0000E-06,-10.8515492E-03,+2.2140260311E+00
+78.5000E-06,-6.8421197E-03,+2.2068882298E+00
+79.0000E-06,-6.2498374E-03,+2.2024463148E+00
+79.5000E-06,+975.5490E-06,+2.1997492191E+00
+80.0000E-06,+3.8004138E-03,+2.1987065282E+00
+80.5000E-06,-7.8254E-06,+2.1998710393E+00
+81.0000E-06,-1.6376089E-03,+2.1997017359E+00
+81.5000E-06,-10.8838709E-03,+2.1973926857E+00
+82.0000E-06,-5.0547561E-03,+2.1928145458E+00
+82.5000E-06,-3.2237823E-03,+2.1948962104E+00
+83.0000E-06,-6.2498374E-03,+2.1962150681E+00
+83.5000E-06,-2.6427884E-03,+2.1985934402E+00
+84.0000E-06,-1.8387992E-03,+2.2001023193E+00
+84.5000E-06,-1.2247118E-03,+2.2014828874E+00
+85.0000E-06,-6.2498374E-03,+2.2012670966E+00
+85.5000E-06,+204.6533E-06,+2.2079616690E+00
+86.0000E-06,-3.4693545E-03,+2.2096144206E+00
+86.5000E-06,-2.8439787E-03,+2.2053418978E+00
+87.0000E-06,-2.0399895E-03,+2.1986871971E+00
+87.5000E-06,-6.2498374E-03,+2.2026412626E+00
+88.0000E-06,-2.0174125E-03,+2.1957642276E+00
+88.5000E-06,-1.2247118E-03,+2.1897144478E+00
+89.0000E-06,-3.8491582E-03,+2.1823353361E+00
+89.5000E-06,-4.4293802E-03,+2.1773707152E+00
+90.0000E-06,-5.2333694E-03,+2.1723546277E+00
+90.5000E-06,-1.2247118E-03,+2.1708058769E+00
+91.0000E-06,-5.6583269E-03,+2.1662316315E+00
+91.5000E-06,-8.4839635E-03,+2.1606132195E+00
+92.0000E-06,+974.7771E-06,+2.1581411793E+00
+92.5000E-06,-4.2281899E-03,+2.1546671743E+00
+93.0000E-06,-2.4423700E-03,+2.1522222542E+00
+93.5000E-06,-5.8361684E-03,+2.1517843955E+00
+94.0000E-06,-1.6150320E-03,+2.1512962797E+00
+94.5000E-06,-6.2498374E-03,+2.1518129026E+00
+95.0000E-06,-196.1835E-06,+2.1482122924E+00
+95.5000E-06,-4.0269997E-03,+2.1508842429E+00
+96.0000E-06,-7.6686858E-03,+2.1502275006E+00
+96.5000E-06,-10.6601037E-03,+2.1434111080E+00
+97.0000E-06,-11.0858330E-03,+2.1339568226E+00
+97.5000E-06,-6.2498374E-03,+2.1351603481E+00
+98.0000E-06,-1.2247118E-03,+2.1273905974E+00
+98.5000E-06,-1.2247118E-03,+2.1183075339E+00
+99.0000E-06,-4.6297986E-03,+2.1111648062E+00
+99.5000E-06,-6.2498374E-03,+2.1016957055E+00
+100.0000E-06,-11.2629026E-03,+2.0957263458E+00
+100.5000E-06,-1.2247118E-03,+2.0913792196E+00
+101.0000E-06,+608.5776E-06,+2.0866937169E+00
+101.5000E-06,-6.4751483E-03,+2.0789703259E+00
+102.0000E-06,-2.6073793E-03,+2.0750336720E+00
+102.5000E-06,-11.2749629E-03,+2.0686852985E+00
+103.0000E-06,-11.2749629E-03,+2.0684456969E+00
+103.5000E-06,-5.6590987E-03,+2.0647948296E+00
+104.0000E-06,-2.6194396E-03,+2.0612798323E+00
+104.5000E-06,+2.2293882E-03,+2.0570831249E+00
+105.0000E-06,-6.2498374E-03,+2.0559745935E+00
+105.5000E-06,+1.2121484E-03,+2.0590244344E+00
+106.0000E-06,-1.2247118E-03,+2.0578326811E+00
+106.5000E-06,-10.4958662E-03,+2.0495875605E+00
+107.0000E-06,+1.4133386E-03,+2.0402228712E+00
+107.5000E-06,-6.2498374E-03,+2.0392288147E+00
+108.0000E-06,-11.2749629E-03,+2.0286376071E+00
+108.5000E-06,-4.0639525E-03,+2.0196239543E+00
+109.0000E-06,+2.5691515E-03,+2.0082554213E+00
+109.5000E-06,-6.2498374E-03,+2.0021326914E+00
+110.0000E-06,-6.2498374E-03,+1.9944770578E+00
+110.5000E-06,-4.4535008E-03,+1.9869211727E+00
+111.0000E-06,-3.8250375E-03,+1.9836791245E+00
+111.5000E-06,-7.8706480E-03,+1.9763298182E+00
+112.0000E-06,-6.2498374E-03,+1.9684055737E+00
+112.5000E-06,-16.3000885E-03,+1.9651290574E+00
+113.0000E-06,-9.6926489E-03,+1.9606849566E+00
+113.5000E-06,-2.5801712E-03,+1.9585583163E+00
+114.0000E-06,-3.8507019E-03,+1.9570617421E+00
+114.5000E-06,-4.8687136E-03,+1.9510606826E+00
+115.0000E-06,-3.2607351E-03,+1.9497572338E+00
+115.5000E-06,-6.0358149E-03,+1.9501009805E+00
+116.0000E-06,-6.2498374E-03,+1.9491487402E+00
+116.5000E-06,-7.6437933E-03,+1.9420738587E+00
+117.0000E-06,-6.8790725E-03,+1.9335225884E+00
+117.5000E-06,-4.2266462E-03,+1.9332296313E+00
+118.0000E-06,-5.0306354E-03,+1.9239728040E+00
+118.5000E-06,-10.8597502E-03,+1.9147064762E+00
+119.0000E-06,-1.6134883E-03,+1.9051597320E+00
+119.5000E-06,-11.2749629E-03,+1.8977873775E+00
+120.0000E-06,-4.2530824E-03,+1.8881405297E+00
+120.5000E-06,-6.2498374E-03,+1.8842878660E+00
+121.0000E-06,-1.2247118E-03,+1.8767968756E+00
+121.5000E-06,+2.5676078E-03,+1.8715897016E+00
+122.0000E-06,-6.0622511E-03,+1.8657506945E+00
+122.5000E-06,-3.2078627E-03,+1.8614558337E+00
+123.0000E-06,-4.8158411E-03,+1.8566893810E+00
+123.5000E-06,-3.6502835E-03,+1.8553471201E+00
+124.0000E-06,-11.4353411E-03,+1.8545627408E+00
+124.5000E-06,-7.8850239E-03,+1.8486492358E+00
+125.0000E-06,-1.2247118E-03,+1.8489781507E+00
+125.5000E-06,-9.6941926E-03,+1.8498534243E+00
+126.0000E-06,-6.2498374E-03,+1.8497037406E+00
+126.5000E-06,-3.8514737E-03,+1.8442684154E+00
+127.0000E-06,-6.2498374E-03,+1.8366759984E+00
+127.5000E-06,-3.2622788E-03,+1.8352181419E+00
+128.0000E-06,-1.2247118E-03,+1.8280181004E+00
+128.5000E-06,-6.2498374E-03,+1.8190555922E+00
+129.0000E-06,-1.2247118E-03,+1.8065899173E+00
+129.5000E-06,-8.4470107E-03,+1.8018360691E+00
+130.0000E-06,-1.2247118E-03,+1.7939584535E+00
+130.5000E-06,-4.7380E-06,+1.7906034948E+00
+131.0000E-06,-6.2498374E-03,+1.7863190776E+00
+131.5000E-06,-2.0007211E-03,+1.7803799670E+00
+132.0000E-06,-11.2749629E-03,+1.7752450662E+00
+132.5000E-06,-5.2166779E-03,+1.7725701088E+00
+133.0000E-06,+1.0004415E-03,+1.7718551401E+00
+133.5000E-06,-4.8286733E-03,+1.7691339976E+00
+134.0000E-06,-1.2247118E-03,+1.7682787319E+00
+134.5000E-06,-6.2498374E-03,+1.7704203317E+00
+135.0000E-06,-7.2406409E-03,+1.7651927142E+00
+135.5000E-06,+2.0056210E-03,+1.7672402019E+00
+136.0000E-06,-3.8234938E-03,+1.7700983349E+00
+136.5000E-06,-4.6274830E-03,+1.7644118992E+00
+137.0000E-06,-2.0430769E-03,+1.7568035713E+00
+137.5000E-06,-11.2605870E-03,+1.7599687415E+00
+138.0000E-06,-1.2247118E-03,+1.7519426515E+00
+138.5000E-06,-9.4370424E-03,+1.7429490066E+00
+139.0000E-06,-8.6474291E-03,+1.7368597768E+00
+139.5000E-06,-4.8718010E-03,+1.7287180912E+00
+140.0000E-06,-7.2693927E-03,+1.7235599647E+00
+140.5000E-06,-6.2498374E-03,+1.7207036625E+00
+141.0000E-06,-6.2498374E-03,+1.7169043209E+00
+141.5000E-06,-6.2498374E-03,+1.7126510405E+00
+142.0000E-06,-8.4462388E-03,+1.7090483665E+00
+142.5000E-06,-4.2251025E-03,+1.7088882391E+00
+143.0000E-06,-10.0542173E-03,+1.7071066438E+00
+143.5000E-06,-2.0582247E-03,+1.7069533068E+00
+144.0000E-06,-5.8626046E-03,+1.7090765518E+00
+144.5000E-06,+2.6091918E-03,+1.7058678734E+00
+145.0000E-06,-12.2354710E-03,+1.7082032865E+00
+145.5000E-06,-11.2749629E-03,+1.7125884203E+00
+146.0000E-06,-6.2498374E-03,+1.7159795558E+00
+146.5000E-06,-5.6318906E-03,+1.7112905136E+00
+147.0000E-06,-15.9280035E-03,+1.7079653047E+00
+147.5000E-06,-3.2047752E-03,+1.7114585050E+00
+148.0000E-06,-1.2247118E-03,+1.7051169053E+00
+148.5000E-06,-6.2498374E-03,+1.6984596083E+00
+149.0000E-06,-7.8729636E-03,+1.6894728426E+00
+149.5000E-06,-7.0689743E-03,+1.6880344615E+00
+150.0000E-06,-6.2346896E-03,+1.6825381693E+00
+150.5000E-06,-10.4861215E-03,+1.6815638240E+00
+151.0000E-06,-9.6821323E-03,+1.6808045010E+00
+151.5000E-06,-11.0434771E-03,+1.6775861778E+00
+152.0000E-06,-4.8733447E-03,+1.6751839032E+00
+152.5000E-06,-6.2498374E-03,+1.6735354123E+00
+153.0000E-06,-11.0586249E-03,+1.6773869221E+00
+153.5000E-06,-5.6621862E-03,+1.6792059924E+00
+154.0000E-06,-11.2749629E-03,+1.6808045010E+00
+154.5000E-06,-1.2247118E-03,+1.6774386049E+00
+155.0000E-06,-4.2243306E-03,+1.6838237461E+00
+155.5000E-06,-2.4462293E-03,+1.6897537916E+00
+156.0000E-06,-5.8323091E-03,+1.6941919897E+00
+156.5000E-06,-10.5020411E-03,+1.6917844004E+00
+157.0000E-06,-3.6056121E-03,+1.6900507321E+00
+157.5000E-06,-3.2191511E-03,+1.6941139107E+00
+158.0000E-06,-6.8215689E-03,+1.6898604110E+00
+158.5000E-06,-9.0952529E-03,+1.6836173921E+00
+159.0000E-06,+3.1816952E-03,+1.6800843063E+00
+159.5000E-06,-1.7805237E-03,+1.6778511354E+00
+160.0000E-06,-1.2247118E-03,+1.6738698277E+00
+160.5000E-06,-4.4565883E-03,+1.6740352699E+00
+161.0000E-06,-6.2498374E-03,+1.6733308890E+00
+161.5000E-06,-1.2247118E-03,+1.6717450182E+00
+162.0000E-06,-6.2498374E-03,+1.6722304489E+00
+162.5000E-06,-1.2406314E-03,+1.6738716585E+00
+163.0000E-06,-5.4617678E-03,+1.6779491752E+00
+163.5000E-06,-7.8418962E-03,+1.6804383275E+00
+164.0000E-06,-3.8537893E-03,+1.6834452011E+00
+164.5000E-06,-6.6999768E-03,+1.6821240411E+00
+165.0000E-06,-6.2498374E-03,+1.6886878280E+00
+165.5000E-06,-1.4418217E-03,+1.6976631653E+00
+166.0000E-06,-5.6629580E-03,+1.7005877242E+00
+166.5000E-06,-12.6658315E-03,+1.7006126919E+00
+167.0000E-06,-8.4446951E-03,+1.6982142564E+00
+167.5000E-06,-8.2761160E-03,+1.7067070118E+00
+168.0000E-06,-15.0777991E-03,+1.7003121787E+00
+168.5000E-06,-6.6681375E-03,+1.6980930797E+00
+169.0000E-06,-6.2498374E-03,+1.6924066441E+00
+169.5000E-06,-2.4143901E-03,+1.6919212134E+00
+170.0000E-06,-6.2498374E-03,+1.6915551286E+00
+170.5000E-06,-6.8200252E-03,+1.6912065109E+00
+171.0000E-06,-6.2498374E-03,+1.6915339113E+00
+171.5000E-06,-10.0359821E-03,+1.6934468273E+00
+172.0000E-06,-1.4092106E-03,+1.6945889781E+00
+172.5000E-06,-5.2613494E-03,+1.6981411842E+00
+173.0000E-06,-8.0423146E-03,+1.6998343374E+00
+173.5000E-06,-6.2498374E-03,+1.7035828893E+00
+174.0000E-06,-6.2498374E-03,+1.7093079207E+00
+174.5000E-06,-8.7118795E-03,+1.7109360902E+00
+175.0000E-06,-6.2498374E-03,+1.7178086204E+00
+175.5000E-06,-1.2247118E-03,+1.7270703103E+00
+176.0000E-06,+617.8399E-06,+1.7291353206E+00
+176.5000E-06,-11.5095362E-03,+1.7302545121E+00
+177.0000E-06,-4.8764322E-03,+1.7282434675E+00
+177.5000E-06,-6.2498374E-03,+1.7370948071E+00
+178.0000E-06,-6.0319556E-03,+1.7339202168E+00
+178.5000E-06,-6.2498374E-03,+1.7305029929E+00
+179.0000E-06,-4.8597407E-03,+1.7276135457E+00
+179.5000E-06,+969.3741E-06,+1.7270356563E+00
+180.0000E-06,-4.2227869E-03,+1.7268025455E+00
+180.5000E-06,-1.2247118E-03,+1.7277389165E+00
+181.0000E-06,-10.4368189E-03,+1.7298287169E+00
+181.5000E-06,-5.8649202E-03,+1.7293029486E+00
+182.0000E-06,-17.7584948E-03,+1.7319632128E+00
+182.5000E-06,-5.2105030E-03,+1.7344385595E+00
+183.0000E-06,-1.7933559E-03,+1.7387842987E+00
+183.5000E-06,-6.2498374E-03,+1.7425521485E+00
+184.0000E-06,-6.2498374E-03,+1.7487028863E+00
+184.5000E-06,-1.2247118E-03,+1.7529984239E+00
+185.0000E-06,-7.2375535E-03,+1.7588394809E+00
+185.5000E-06,-4.4581320E-03,+1.7658797971E+00
+186.0000E-06,-5.9173102E-03,+1.7724095376E+00
+186.5000E-06,-4.4755953E-03,+1.7727060342E+00
+187.0000E-06,-5.4283848E-03,+1.7695994537E+00
+187.5000E-06,-6.2323740E-03,+1.7796256037E+00
+188.0000E-06,-10.4884371E-03,+1.7749652933E+00
+188.5000E-06,-2.8152269E-03,+1.7728718314E+00
+189.0000E-06,-6.2498374E-03,+1.7675150706E+00
+189.5000E-06,-3.0513438E-03,+1.7681712721E+00
+190.0000E-06,-5.2271945E-03,+1.7692215855E+00
+190.5000E-06,-6.2498374E-03,+1.7704779450E+00
+191.0000E-06,-10.1042917E-03,+1.7719764055E+00
+191.5000E-06,-6.2498374E-03,+1.7725291498E+00
+192.0000E-06,-11.9134604E-03,+1.7731933844E+00
+192.5000E-06,-6.2498374E-03,+1.7755783693E+00
+193.0000E-06,-10.0511298E-03,+1.7810608559E+00
+193.5000E-06,-6.2498374E-03,+1.7838619497E+00
+194.0000E-06,-10.8908176E-03,+1.7906034948E+00
+194.5000E-06,+236.0101E-06,+1.7902675288E+00
+195.0000E-06,-1.2247118E-03,+1.7976681768E+00
+195.5000E-06,-1.2247118E-03,+1.8083876344E+00
+196.0000E-06,-6.2498374E-03,+1.8119854041E+00
+196.5000E-06,-1.2247118E-03,+1.8117711473E+00
+197.0000E-06,-6.2498374E-03,+1.8102938155E+00
+197.5000E-06,-7.2367816E-03,+1.8208088302E+00
+198.0000E-06,-4.4589039E-03,+1.8149148339E+00
+198.5000E-06,-8.6800402E-03,+1.8117248736E+00
+199.0000E-06,-6.2498374E-03,+1.8088920966E+00
+199.5000E-06,-2.0469362E-03,+1.8090014011E+00
+200.0000E-06,-1.2429470E-03,+1.8085243586E+00
+200.5000E-06,-10.4892089E-03,+1.8102517358E+00
+201.0000E-06,-2.8144550E-03,+1.8094910259E+00
+201.5000E-06,-3.6184442E-03,+1.8099764566E+00
+202.0000E-06,-4.8795196E-03,+1.8106720387E+00
+202.5000E-06,-2.2481265E-03,+1.8131411830E+00
+203.0000E-06,-11.2749629E-03,+1.8177138307E+00
+203.5000E-06,-2.3938393E-03,+1.8210971855E+00
+204.0000E-06,-6.2498374E-03,+1.8263109503E+00
+204.5000E-06,-9.7224620E-03,+1.8240365292E+00
+205.0000E-06,-6.2498374E-03,+1.8337439029E+00
+205.5000E-06,-5.0252324E-03,+1.8431622916E+00
+206.0000E-06,-6.2498374E-03,+1.8483440681E+00
+206.5000E-06,-6.6332108E-03,+1.8477263736E+00
+207.0000E-06,-3.5994372E-03,+1.8460808811E+00
+207.5000E-06,-5.2074156E-03,+1.8533859415E+00
+208.0000E-06,-4.0200529E-03,+1.8491004064E+00
+208.5000E-06,-9.8491677E-03,+1.8453470390E+00
+209.0000E-06,-1.8465178E-03,+1.8392177155E+00
+209.5000E-06,-11.0927797E-03,+1.8391462078E+00
+210.0000E-06,-6.2498374E-03,+1.8398375071E+00
+210.5000E-06,-1.2247118E-03,+1.8395182287E+00
+211.0000E-06,-6.0866612E-03,+1.8388478805E+00
+211.5000E-06,+2.1734283E-03,+1.8381775323E+00
+212.0000E-06,-5.4268411E-03,+1.8401126976E+00
+212.5000E-06,-11.2559559E-03,+1.8420443983E+00
+213.0000E-06,-2.0096939E-03,+1.8453224458E+00
+213.5000E-06,-4.6608660E-03,+1.8487875966E+00
+214.0000E-06,-1.4639162E-03,+1.8530430629E+00
+214.5000E-06,-9.9061889E-03,+1.8505433339E+00
+215.0000E-06,+2.7762272E-03,+1.8621660397E+00
+215.5000E-06,-1.0045144E-03,+1.8675894039E+00
+216.0000E-06,-640.9199E-06,+1.8727980676E+00
+216.5000E-06,-4.8620563E-03,+1.8703136226E+00
+217.0000E-06,-9.7247776E-03,+1.8666328474E+00
+217.5000E-06,-4.2204713E-03,+1.8757977263E+00
+218.0000E-06,-6.2498374E-03,+1.8716773671E+00
+218.5000E-06,-6.6712250E-03,+1.8667395223E+00
+219.0000E-06,-6.2498374E-03,+1.8633735652E+00
+219.5000E-06,-5.0632465E-03,+1.8590994224E+00
+220.0000E-06,-8.2404174E-03,+1.8580965034E+00
+220.5000E-06,+1.0058445E-03,+1.8580868364E+00
+221.0000E-06,-4.8232703E-03,+1.8576386700E+00
+221.5000E-06,-1.8472897E-03,+1.8564828911E+00
+222.0000E-06,-6.2498374E-03,+1.8559258639E+00
+222.5000E-06,-5.2644368E-03,+1.8574120278E+00
+223.0000E-06,-6.2498374E-03,+1.8580502296E+00
+223.5000E-06,-3.4948259E-03,+1.8639582784E+00
+224.0000E-06,-9.6472056E-03,+1.8668685879E+00
+224.5000E-06,+2.9766456E-03,+1.8665061286E+00
+225.0000E-06,-6.2300584E-03,+1.8738286726E+00
+225.5000E-06,-11.2749629E-03,+1.8782623215E+00
+226.0000E-06,-4.6616379E-03,+1.8820926694E+00
+226.5000E-06,+1.1674769E-03,+1.8806988755E+00
+227.0000E-06,-4.8826070E-03,+1.8759208031E+00
+227.5000E-06,-5.2248789E-03,+1.8839973055E+00
+228.0000E-06,-1.2247118E-03,+1.8783918669E+00
+228.5000E-06,-6.2498374E-03,+1.8744645111E+00
+229.0000E-06,-4.8628281E-03,+1.8657892569E+00
+229.5000E-06,-6.2498374E-03,+1.8649732277E+00
+230.0000E-06,+1.7702759E-03,+1.8621508278E+00
+230.5000E-06,-10.0488143E-03,+1.8612470137E+00
+231.0000E-06,-1.2247118E-03,+1.8589886422E+00
+231.5000E-06,-1.6065415E-03,+1.8593284279E+00
+232.0000E-06,-6.2498374E-03,+1.8571971497E+00
+232.5000E-06,-3.2145200E-03,+1.8580963258E+00
+233.0000E-06,-3.4560400E-03,+1.8587297649E+00
+233.5000E-06,-9.8476240E-03,+1.8625900734E+00
+234.0000E-06,-10.6516132E-03,+1.8663070116E+00
+234.5000E-06,-1.4053513E-03,+1.8635837527E+00
+235.0000E-06,-4.2805800E-03,+1.8695596116E+00
+235.5000E-06,-6.2498374E-03,+1.8760919483E+00
+236.0000E-06,-3.8173189E-03,+1.8790573997E+00
+236.5000E-06,-2.8532410E-03,+1.8769123492E+00
+237.0000E-06,-15.4755485E-03,+1.8737247522E+00
+237.5000E-06,+3.7798630E-03,+1.8807447942E+00
+238.0000E-06,-1.2247118E-03,+1.8715607950E+00
+238.5000E-06,-4.6624097E-03,+1.8666721199E+00
+239.0000E-06,-3.8584205E-03,+1.8619310454E+00
+239.5000E-06,-6.7138703E-03,+1.8563258371E+00
+240.0000E-06,-1.2247118E-03,+1.8566008501E+00
+240.5000E-06,+3.5786727E-03,+1.8536444443E+00
+241.0000E-06,-6.8320855E-03,+1.8521945682E+00
+241.5000E-06,-7.6360747E-03,+1.8487112735E+00
+242.0000E-06,-4.0596108E-03,+1.8474885361E+00
+242.5000E-06,-7.2131434E-03,+1.8481588843E+00
+243.0000E-06,-8.8211218E-03,+1.8492525201E+00
+243.5000E-06,-1.6476431E-03,+1.8504665669E+00
+244.0000E-06,-6.2498374E-03,+1.8534619789E+00
+244.5000E-06,-6.2498374E-03,+1.8475144302E+00
+245.0000E-06,-1.2247118E-03,+1.8571932746E+00
+245.5000E-06,-4.0177373E-03,+1.8644443304E+00
+246.0000E-06,-9.8468521E-03,+1.8661427788E+00
+246.5000E-06,-9.4025981E-03,+1.8625525790E+00
+247.0000E-06,-6.4297050E-03,+1.8581958746E+00
+247.5000E-06,-1.2247118E-03,+1.8633165926E+00
+248.0000E-06,-4.8004039E-03,+1.8570607805E+00
+248.5000E-06,-3.8165471E-03,+1.8509838251E+00
+249.0000E-06,-1.2247118E-03,+1.8433788036E+00
+249.5000E-06,+2.9751019E-03,+1.8411730330E+00
+250.0000E-06,-6.2285147E-03,+1.8379904290E+00
+250.5000E-06,-6.2498374E-03,+1.8370146634E+00
+251.0000E-06,-4.6631816E-03,+1.8352834472E+00
+251.5000E-06,-6.4936729E-03,+1.8325144998E+00
+252.0000E-06,-3.0552031E-03,+1.8295325939E+00
+252.5000E-06,-10.2484608E-03,+1.8293220873E+00
+253.0000E-06,-6.6948632E-03,+1.8310813447E+00
+253.5000E-06,-10.1120103E-03,+1.8342556132E+00
+254.0000E-06,-11.2749629E-03,+1.8368346501E+00
+254.5000E-06,-11.9211790E-03,+1.8297635605E+00
+255.0000E-06,-9.2432813E-03,+1.8411383957E+00
+255.5000E-06,-11.2749629E-03,+1.8453486561E+00
+256.0000E-06,-10.8512597E-03,+1.8466100447E+00
+256.5000E-06,-11.2749629E-03,+1.8443472128E+00
+257.0000E-06,-3.5932623E-03,+1.8387045101E+00
+257.5000E-06,-3.2129763E-03,+1.8450582177E+00
+258.0000E-06,-1.2247118E-03,+1.8377979776E+00
+258.5000E-06,-1.2247118E-03,+1.8316391734E+00
+259.0000E-06,-3.0993922E-03,+1.8269386668E+00
+259.5000E-06,-6.2498374E-03,+1.8206949378E+00
+260.0000E-06,-1.2247118E-03,+1.8199628015E+00
+260.5000E-06,-4.4627632E-03,+1.8183035368E+00
+261.0000E-06,-3.6587739E-03,+1.8166446299E+00
+261.5000E-06,-7.8799103E-03,+1.8121728625E+00
+262.0000E-06,-1.2247118E-03,+1.8109246249E+00
+262.5000E-06,-11.2528684E-03,+1.8108321661E+00
+263.0000E-06,-2.0066065E-03,+1.8132311009E+00
+263.5000E-06,-9.6890790E-03,+1.8141145852E+00
+264.0000E-06,-1.2247118E-03,+1.8189200774E+00
+264.5000E-06,-9.4436997E-03,+1.8091787986E+00
+265.0000E-06,-8.1931409E-03,+1.8202067859E+00
+265.5000E-06,-6.2498374E-03,+1.8264583179E+00
+266.0000E-06,-1.2247118E-03,+1.8280995275E+00
+266.5000E-06,-4.8651437E-03,+1.8235020924E+00
+267.0000E-06,-4.0611545E-03,+1.8200758563E+00
+267.5000E-06,+807.7417E-06,+1.8269001044E+00
+268.0000E-06,-8.8180344E-03,+1.8199345829E+00
+268.5000E-06,-11.2749629E-03,+1.8134749993E+00
+269.0000E-06,-6.2498374E-03,+1.8069153315E+00
+269.5000E-06,-2.4082152E-03,+1.8037253712E+00
+270.0000E-06,-4.2623448E-03,+1.8012340664E+00
+270.5000E-06,-11.2749629E-03,+1.8004917667E+00
+271.0000E-06,-12.0111249E-03,+1.7986939470E+00
+271.5000E-06,-2.4760424E-03,+1.7963104377E+00
+272.0000E-06,-6.4281613E-03,+1.7951855958E+00
+272.5000E-06,-8.2144636E-03,+1.7931409846E+00
+273.0000E-06,-4.4635350E-03,+1.7950211856E+00
+273.5000E-06,-3.8150033E-03,+1.7986939470E+00
+274.0000E-06,-11.2749629E-03,+1.8006151624E+00
+274.5000E-06,-2.8784230E-03,+1.7933616379E+00
+275.0000E-06,-11.2063638E-03,+1.8044912488E+00
+275.5000E-06,-1.2247118E-03,+1.8088264695E+00
+276.0000E-06,-4.6647253E-03,+1.8113764889E+00
+276.5000E-06,-8.8858616E-03,+1.8093423074E+00
+277.0000E-06,-1.2247118E-03,+1.8049965682E+00
+277.5000E-06,-2.2527576E-03,+1.8122086177E+00
+278.0000E-06,-6.0257807E-03,+1.8044213084E+00
+278.5000E-06,+2.6405486E-03,+1.7999831103E+00
+279.0000E-06,-4.8659156E-03,+1.7942299825E+00
+279.5000E-06,-6.2498374E-03,+1.7906781647E+00
+280.0000E-06,-8.2830627E-03,+1.7877007219E+00
+280.5000E-06,-7.5872546E-03,+1.7849535217E+00
+281.0000E-06,-2.0752056E-03,+1.7852557796E+00
+281.5000E-06,-10.8962206E-03,+1.7820222639E+00
+282.0000E-06,-2.4074433E-03,+1.7822071814E+00
+282.5000E-06,-6.2498374E-03,+1.7825130426E+00
+283.0000E-06,-668.4174E-06,+1.7836688215E+00
+283.5000E-06,-9.8445365E-03,+1.7857314879E+00
+284.0000E-06,-6.2498374E-03,+1.7906755351E+00
+284.5000E-06,-1.2247118E-03,+1.7828397384E+00
+285.0000E-06,-10.2934217E-03,+1.7936328257E+00
+285.5000E-06,-1.2247118E-03,+1.8005948327E+00
+286.0000E-06,+1.3648079E-03,+1.8007254101E+00
+286.5000E-06,-2.8563284E-03,+1.7986789653E+00
+287.0000E-06,-6.2498374E-03,+1.7938736506E+00
+287.5000E-06,-11.2749629E-03,+1.8021558468E+00
+288.0000E-06,-9.7142610E-03,+1.7964721296E+00
+288.5000E-06,-6.2498374E-03,+1.7911500922E+00
+289.0000E-06,-3.8615079E-03,+1.7828162742E+00
+289.5000E-06,-1.2247118E-03,+1.7823022698E+00
+290.0000E-06,-5.2210196E-03,+1.7797419095E+00
+290.5000E-06,-11.2749629E-03,+1.7806759532E+00
+291.0000E-06,-10.1166415E-03,+1.7768673552E+00
+291.5000E-06,-7.6329873E-03,+1.7761562588E+00
+292.0000E-06,-11.2749629E-03,+1.7748238063E+00
+292.5000E-06,-16.3000885E-03,+1.7754682992E+00
+293.0000E-06,-6.2498374E-03,+1.7767220624E+00
+293.5000E-06,-1.6507306E-03,+1.7802994692E+00
+294.0000E-06,-6.2498374E-03,+1.7836253549E+00
+294.5000E-06,-10.0930033E-03,+1.7755433547E+00
+295.0000E-06,-7.3030652E-03,+1.7899322007E+00
+295.5000E-06,+3.8004138E-03,+1.7942640817E+00
+296.0000E-06,-6.2498374E-03,+1.7966311031E+00
+296.5000E-06,-10.6477539E-03,+1.7950102232E+00
+297.0000E-06,-6.4266175E-03,+1.7917592737E+00
+297.5000E-06,-10.2941935E-03,+1.7994125190E+00
+298.0000E-06,+2.0156552E-03,+1.7925424104E+00
+298.5000E-06,-6.0974673E-03,+1.7874864318E+00
+299.0000E-06,-6.1218774E-03,+1.7821375933E+00
+299.5000E-06,-10.4465636E-03,+1.7798141273E+00
+300.0000E-06,-6.2742474E-03,+1.7790457060E+00
+300.5000E-06,-11.2749629E-03,+1.7779795787E+00
+301.0000E-06,-4.6662690E-03,+1.7763068108E+00
+301.5000E-06,-8.8874054E-03,+1.7743938392E+00
+302.0000E-06,-11.2749629E-03,+1.7736338394E+00
+302.5000E-06,-2.2543014E-03,+1.7747636743E+00
+303.0000E-06,-6.0242370E-03,+1.7778899271E+00
+303.5000E-06,-2.3814895E-03,+1.7810246901E+00
+304.0000E-06,-6.2498374E-03,+1.7829319586E+00
+304.5000E-06,-14.1137212E-03,+1.7739278201E+00
+305.0000E-06,-7.2054248E-03,+1.7906319215E+00
+305.5000E-06,-6.2498374E-03,+1.7963589278E+00
+306.0000E-06,-11.2749629E-03,+1.7992227555E+00
+306.5000E-06,-11.2749629E-03,+1.7986505691E+00
+307.0000E-06,-18.9628385E-03,+1.7927792160E+00
+307.5000E-06,-9.2897859E-03,+1.8007772094E+00
+308.0000E-06,-9.0390036E-03,+1.7954174667E+00
+308.5000E-06,-3.3858971E-03,+1.7896123925E+00
+309.0000E-06,-6.8778183E-03,+1.7830909321E+00
+309.5000E-06,-1.5767284E-03,+1.7825130426E+00
+310.0000E-06,-6.2498374E-03,+1.7820478529E+00
+310.5000E-06,-5.9230027E-03,+1.7824754566E+00
+311.0000E-06,-8.6869870E-03,+1.7813919538E+00
+311.5000E-06,-9.6418025E-03,+1.7798258580E+00
+312.0000E-06,-6.2498374E-03,+1.7783667005E+00
+312.5000E-06,-1.2247118E-03,+1.7807851661E+00
+313.0000E-06,-11.2749629E-03,+1.7825130426E+00
+313.5000E-06,-9.6921664E-03,+1.7852204682E+00
+314.0000E-06,-5.9982832E-03,+1.7883497945E+00
+314.5000E-06,-4.8934131E-03,+1.7780014368E+00
+315.0000E-06,-4.1891145E-03,+1.7969894154E+00
+315.5000E-06,-998.3396E-06,+1.8010836032E+00
+316.0000E-06,-10.6973459E-03,+1.8035827663E+00
+316.5000E-06,-4.8682311E-03,+1.8020600483E+00
+317.0000E-06,-11.2749629E-03,+1.7999249283E+00
+317.5000E-06,-14.2645476E-03,+1.8078158059E+00
+318.0000E-06,-7.4813891E-03,+1.8018780267E+00
+318.5000E-06,-5.8222749E-03,+1.7971939803E+00
+319.0000E-06,-11.6513897E-03,+1.7919324300E+00
+319.5000E-06,-8.6106693E-03,+1.7909098886E+00
+320.0000E-06,-9.2905578E-03,+1.7889913027E+00
+320.5000E-06,-11.2749629E-03,+1.7887429439E+00
+321.0000E-06,-7.6825793E-03,+1.7867254556E+00
+321.5000E-06,-15.6713357E-03,+1.7864859621E+00
+322.0000E-06,-6.4250738E-03,+1.7837292781E+00
+322.5000E-06,-5.2706117E-03,+1.7884193827E+00
+323.0000E-06,-10.9504438E-03,+1.7904357448E+00
+323.5000E-06,-11.2749629E-03,+1.7928978851E+00
+324.0000E-06,-1.2247118E-03,+1.7979139725E+00
+324.5000E-06,+3.8458812E-03,+1.7896804328E+00
+325.0000E-06,-1.2247118E-03,+1.8044967189E+00
+325.5000E-06,-7.0278728E-03,+1.8091370019E+00
+326.0000E-06,-1.2247118E-03,+1.8119533132E+00
+326.5000E-06,-8.6358512E-03,+1.8111040168E+00
+327.0000E-06,-9.4398404E-03,+1.8085732953E+00
+327.5000E-06,-5.2187041E-03,+1.8177492863E+00
+328.0000E-06,-6.4769814E-03,+1.8102517358E+00
+328.5000E-06,-10.6981178E-03,+1.8047381901E+00
+329.0000E-06,-2.6055461E-03,+1.7994306324E+00
+329.5000E-06,-6.2498374E-03,+1.7998497259E+00
+330.0000E-06,-2.1772118E-03,+1.7985693085E+00
+330.5000E-06,-6.2498374E-03,+1.7969602786E+00
+331.0000E-06,-11.2749629E-03,+1.7974396512E+00
+331.5000E-06,-6.2498374E-03,+1.7968306777E+00
+332.0000E-06,-11.2749629E-03,+1.7949552922E+00
+332.5000E-06,-7.3076963E-03,+1.7978879397E+00
+333.0000E-06,-3.4622148E-03,+1.7993351002E+00
+333.5000E-06,-9.8414491E-03,+1.8011703588E+00
+334.0000E-06,-2.4837610E-03,+1.8040397426E+00
+334.5000E-06,-20.8018203E-03,+1.7967635944E+00
+335.0000E-06,-9.3180553E-03,+1.8132842622E+00
+335.5000E-06,+557.7312E-06,+1.8186409896E+00
+336.0000E-06,-6.3975763E-03,+1.8206537457E+00
+336.5000E-06,-11.2749629E-03,+1.8191219849E+00
+337.0000E-06,-5.4191225E-03,+1.8177642985E+00
+337.5000E-06,-6.2498374E-03,+1.8252584205E+00
+338.0000E-06,-2.0019753E-03,+1.8183421880E+00
+338.5000E-06,-4.6685846E-03,+1.8123167350E+00
+339.0000E-06,-5.9951957E-03,+1.8105260386E+00
+339.5000E-06,-1.2247118E-03,+1.8067843991E+00
+340.0000E-06,+1.7366035E-03,+1.8049320617E+00
+340.5000E-06,-10.8191311E-03,+1.8045514724E+00
+341.0000E-06,-5.6737641E-03,+1.8028716699E+00
+341.5000E-06,-11.2749629E-03,+1.8025804659E+00
+342.0000E-06,-6.2498374E-03,+1.8021612836E+00
+342.5000E-06,-3.2617964E-03,+1.8026298131E+00
+343.0000E-06,-3.7836465E-03,+1.8067737336E+00
+343.5000E-06,-1.6538180E-03,+1.8108789724E+00
+344.0000E-06,-6.2498374E-03,+1.8119422926E+00
+344.5000E-06,-11.2749629E-03,+1.8023187370E+00
+345.0000E-06,-1.2247118E-03,+1.8213691000E+00
+345.5000E-06,-1.2247118E-03,+1.8265638693E+00
+346.0000E-06,-13.4315171E-03,+1.8291571445E+00
+346.5000E-06,-4.9892444E-03,+1.8252768613E+00
+347.0000E-06,-1.5720973E-03,+1.8241011077E+00
+347.5000E-06,-6.2498374E-03,+1.8306060220E+00
+348.0000E-06,+3.8004138E-03,+1.8243627617E+00
+348.5000E-06,-1.2247118E-03,+1.8197953178E+00
+349.0000E-06,+529.4619E-06,+1.8131411830E+00
+349.5000E-06,-5.4183506E-03,+1.8118897831E+00
+350.0000E-06,-6.3048324E-03,+1.8108327875E+00
+350.5000E-06,-5.4733457E-03,+1.8098524394E+00
+351.0000E-06,-8.1140011E-03,+1.8098556017E+00
+351.5000E-06,-8.6343075E-03,+1.8087628202E+00
+352.0000E-06,-8.5713767E-03,+1.8083626113E+00
+352.5000E-06,-9.2096089E-03,+1.8102517358E+00
+353.0000E-06,-16.5287763E-03,+1.8108822234E+00
+353.5000E-06,-10.6996615E-03,+1.8137190724E+00
+354.0000E-06,-1.2247118E-03,+1.8182856037E+00
+354.5000E-06,-11.2749629E-03,+1.8031812259E+00
+355.0000E-06,-1.2247118E-03,+1.8257615569E+00
+355.5000E-06,-10.0410956E-03,+1.8300315610E+00
+356.0000E-06,-10.8450849E-03,+1.8316336451E+00
+356.5000E-06,-15.1777551E-03,+1.8299860224E+00
+357.0000E-06,-7.4279377E-03,+1.8268750480E+00
+357.5000E-06,-6.2498374E-03,+1.8352229906E+00
+358.0000E-06,-9.5829482E-03,+1.8288071066E+00
+358.5000E-06,-9.8399054E-03,+1.8218923192E+00
+359.0000E-06,-6.2498374E-03,+1.8189899568E+00
+359.5000E-06,-6.0769165E-03,+1.8132207266E+00
+360.0000E-06,+2.8235037E-03,+1.8118568933E+00
+360.5000E-06,-1.2247118E-03,+1.8127680970E+00
+361.0000E-06,-6.2498374E-03,+1.8128938256E+00
+361.5000E-06,-2.8609596E-03,+1.8108162413E+00
+362.0000E-06,-9.6104457E-03,+1.8102517358E+00
+362.5000E-06,-6.2215680E-03,+1.8102549868E+00
+363.0000E-06,-4.6983977E-03,+1.8123848780E+00
+363.5000E-06,-1.2247118E-03,+1.8169718527E+00
+364.0000E-06,-5.9921083E-03,+1.8195276057E+00
+364.5000E-06,-1.7119005E-03,+1.8071990295E+00
+365.0000E-06,-1.2247118E-03,+1.8251907020E+00
+365.5000E-06,-10.5865839E-03,+1.8311613071E+00
+366.0000E-06,+3.2258842E-03,+1.8370821850E+00
+366.5000E-06,-9.8964442E-03,+1.8303193366E+00
+367.0000E-06,-5.5897278E-03,+1.8286682853E+00
+367.5000E-06,-11.2749629E-03,+1.8362403282E+00
+368.0000E-06,-10.0403238E-03,+1.8284602309E+00
+368.5000E-06,-10.8443130E-03,+1.8228167293E+00
+369.0000E-06,-6.2498374E-03,+1.8177213645E+00
+369.5000E-06,-6.2498374E-03,+1.8140889324E+00
+370.0000E-06,-6.2498374E-03,+1.8125632936E+00
+370.5000E-06,-6.7953257E-03,+1.8123057144E+00
+371.0000E-06,-4.8140079E-03,+1.8116551633E+00
+371.5000E-06,-1.8565520E-03,+1.8108296252E+00
+372.0000E-06,-11.4471120E-03,+1.8096738464E+00
+372.5000E-06,-11.2749629E-03,+1.8097861022E+00
+373.0000E-06,-1.2247118E-03,+1.8117444349E+00
+373.5000E-06,-6.1067296E-03,+1.8151391100E+00
+374.0000E-06,-4.6128177E-03,+1.8196862241E+00
+374.5000E-06,-12.1079934E-03,+1.8067040927E+00
+375.0000E-06,-11.2168804E-03,+1.8241344414E+00
+375.5000E-06,-1.2247118E-03,+1.8312771690E+00
+376.0000E-06,-6.2498374E-03,+1.8335157351E+00
+376.5000E-06,-1.2247118E-03,+1.8290182344E+00
+377.0000E-06,-9.4367530E-03,+1.8270105296E+00
+377.5000E-06,+2.7661931E-03,+1.8364778439E+00
+378.0000E-06,-10.8144999E-03,+1.8286118148E+00
+378.5000E-06,-6.2498374E-03,+1.8201418384E+00
+379.0000E-06,-7.1417222E-03,+1.8175032909E+00
+379.5000E-06,-5.5881840E-03,+1.8138938820E+00
+380.0000E-06,-5.3035122E-03,+1.8111729836E+00
+380.5000E-06,-8.8041409E-03,+1.8111041694E+00
+381.0000E-06,+2.9375702E-03,+1.8097234599E+00
+381.5000E-06,-15.9275211E-03,+1.8078973328E+00
+382.0000E-06,-1.2247118E-03,+1.8054566429E+00
+382.5000E-06,-6.2498374E-03,+1.8077124153E+00
+383.0000E-06,-9.0343724E-03,+1.8093536248E+00
+383.5000E-06,+927.2112E-06,+1.8114904618E+00
+384.0000E-06,-6.2498374E-03,+1.8162488814E+00
+384.5000E-06,-20.6397055E-03,+1.8038688969E+00
+385.0000E-06,-2.2000782E-03,+1.8232237453E+00
+385.5000E-06,-3.0040674E-03,+1.8273478049E+00
+386.0000E-06,-6.1082733E-03,+1.8287604778E+00
+386.5000E-06,-14.6622970E-03,+1.8255037614E+00
+387.0000E-06,-10.4411606E-03,+1.8219054119E+00
+387.5000E-06,-6.3094636E-03,+1.8310420416E+00
+388.0000E-06,-1.9988879E-03,+1.8242991429E+00
+388.5000E-06,-7.8280027E-03,+1.8183087656E+00
+389.0000E-06,-8.6319919E-03,+1.8114075147E+00
+389.5000E-06,-6.2498374E-03,+1.8098853293E+00
+390.0000E-06,-5.2148448E-03,+1.8085180675E+00
+390.5000E-06,-6.0188340E-03,+1.8067843991E+00
+391.0000E-06,-5.6768515E-03,+1.8050507308E+00
+391.5000E-06,-7.6268124E-03,+1.8037365998E+00
+392.0000E-06,-4.0688731E-03,+1.8027391731E+00
+392.5000E-06,-279.9304E-06,+1.8038949519E+00
+393.0000E-06,+1.3280481E-03,+1.8065000771E+00
+393.5000E-06,-11.2749629E-03,+1.8070329105E+00
+394.0000E-06,-1.5965074E-03,+1.8108296252E+00
+394.5000E-06,-15.1243037E-03,+1.7933560597E+00
+395.0000E-06,-6.2498374E-03,+1.8183595968E+00
+395.5000E-06,-4.0084750E-03,+1.8233560646E+00
+396.0000E-06,-2.6620849E-03,+1.8241210824E+00
+396.5000E-06,-5.6164534E-03,+1.8211587960E+00
+397.0000E-06,-11.1043576E-03,+1.8200758563E+00
+397.5000E-06,-250.1173E-06,+1.8251647829E+00
+398.0000E-06,-9.8070048E-03,+1.8185824470E+00
+398.5000E-06,-8.6923900E-03,+1.8117206129E+00
+399.0000E-06,-9.6363995E-03,+1.8090959569E+00
+399.5000E-06,-10.4403887E-03,+1.8060145576E+00
+400.0000E-06,-11.2137930E-03,+1.8038844001E+00
+400.5000E-06,-15.5266843E-03,+1.8021612836E+00
+401.0000E-06,-14.7226950E-03,+1.8017647944E+00
+401.5000E-06,-6.5121976E-03,+1.8007316457E+00
+402.0000E-06,-9.4352093E-03,+1.7989055186E+00
+402.5000E-06,-6.2498374E-03,+1.8010055047E+00
+403.0000E-06,-11.0431877E-03,+1.8021612836E+00
+403.5000E-06,-1.2247118E-03,+1.8033170625E+00
+404.0000E-06,-8.5225565E-03,+1.8061513457E+00
+404.5000E-06,-8.4300298E-03,+1.7895209767E+00
+405.0000E-06,-1.2247118E-03,+1.8139715449E+00
+405.5000E-06,-2.4616665E-03,+1.8192045770E+00
+406.0000E-06,-5.8168718E-03,+1.8200260653E+00
+406.5000E-06,-15.1870174E-03,+1.8183848557E+00
+407.0000E-06,-6.2498374E-03,+1.8156252507E+00
+407.5000E-06,-9.2959608E-03,+1.8211089162E+00
+408.0000E-06,-13.5170972E-03,+1.8135856241E+00
+408.5000E-06,-17.7382335E-03,+1.8083526808E+00
+409.0000E-06,-10.6408072E-03,+1.8020883557E+00
+409.5000E-06,-6.4196708E-03,+1.8016029250E+00
+410.0000E-06,-10.3011403E-03,+1.8003156257E+00
+410.5000E-06,-11.2749629E-03,+1.7995117404E+00
+411.0000E-06,-11.2749629E-03,+1.8004276153E+00
+411.5000E-06,-4.5033823E-03,+1.7971611210E+00
+412.0000E-06,-7.0851834E-03,+1.7935890068E+00
+412.5000E-06,-6.2811942E-03,+1.7952338224E+00
+413.0000E-06,-1.2247118E-03,+1.7991829837E+00
+413.5000E-06,-8.1217197E-03,+1.8014020827E+00
+414.0000E-06,-1.2247118E-03,+1.8042597690E+00
+414.5000E-06,-16.7965395E-03,+1.7885509530E+00
+415.0000E-06,-4.1767647E-03,+1.8104901391E+00
+415.5000E-06,-10.8098687E-03,+1.8172131520E+00
+416.0000E-06,-10.7035208E-03,+1.8162934936E+00
+416.5000E-06,-17.1989201E-03,+1.8153493751E+00
+417.0000E-06,-3.4041323E-03,+1.8117347708E+00
+417.5000E-06,-1.2247118E-03,+1.8197145565E+00
+418.0000E-06,-1.2247118E-03,+1.8117007270E+00
+418.5000E-06,-2.0921865E-03,+1.8076907790E+00
+419.0000E-06,-15.9298367E-03,+1.8022038626E+00
+419.5000E-06,-5.0755963E-03,+1.8010055047E+00
+420.0000E-06,-1.2247118E-03,+1.7975381681E+00
+420.5000E-06,-3.4676179E-03,+1.7967742155E+00
+421.0000E-06,-11.2749629E-03,+1.7959699752E+00
+421.5000E-06,-7.5196926E-03,+1.7937119920E+00
+422.0000E-06,-16.1310269E-03,+1.7934540578E+00
+422.5000E-06,-5.2767866E-03,+1.7943130184E+00
+423.0000E-06,-8.0268774E-03,+1.7982500384E+00
+423.5000E-06,-8.6939337E-03,+1.7998339786E+00
+424.0000E-06,-6.2498374E-03,+1.8013827294E+00
+424.5000E-06,-15.4639706E-03,+1.7877188880E+00
+425.0000E-06,-1.2247118E-03,+1.8108074564E+00
+425.5000E-06,+3.0285533E-03,+1.8143422676E+00
+426.0000E-06,-1.2247118E-03,+1.8154527408E+00
+426.5000E-06,-6.2498374E-03,+1.8107990988E+00
+427.0000E-06,-19.4839167E-03,+1.8095194553E+00
+427.5000E-06,-2.2620200E-03,+1.8167278101E+00
+428.0000E-06,-6.2498374E-03,+1.8090422935E+00
+428.5000E-06,-7.3911779E-03,+1.8033298168E+00
+429.0000E-06,-6.2498374E-03,+1.7996916400E+00
+429.5000E-06,-3.4033605E-03,+1.7977119124E+00
+430.0000E-06,-4.2073497E-03,+1.7960393858E+00
+430.5000E-06,-10.0364645E-03,+1.7943556861E+00
+431.0000E-06,-10.4059445E-03,+1.7934429734E+00
+431.5000E-06,+3.0614538E-03,+1.7929150526E+00
+432.0000E-06,-9.7702450E-03,+1.7917592737E+00
+432.5000E-06,-8.2272958E-03,+1.7924602371E+00
+433.0000E-06,+1.5567359E-03,+1.7943288544E+00
+433.5000E-06,-6.2498374E-03,+1.7992718364E+00
+434.0000E-06,-15.0286895E-03,+1.8010786102E+00
+434.5000E-06,-11.2749629E-03,+1.7803590215E+00
+435.0000E-06,-7.2221163E-03,+1.8085368965E+00
+435.5000E-06,-6.2498374E-03,+1.8123240996E+00
+436.0000E-06,-8.6947056E-03,+1.8142813921E+00
+436.5000E-06,-7.9932050E-03,+1.8119971903E+00
+437.0000E-06,-6.2498374E-03,+1.8096738464E+00
+437.5000E-06,-1.1918112E-03,+1.8171826255E+00
+438.0000E-06,-7.0209260E-03,+1.8107409500E+00
+438.5000E-06,-6.2498374E-03,+1.8030324658E+00
+439.0000E-06,-3.8707703E-03,+1.8001233186E+00
+439.5000E-06,-3.0667810E-03,+1.7979042196E+00
+440.0000E-06,-5.2117573E-03,+1.7945293417E+00
+440.5000E-06,-1.6928934E-03,+1.7941785132E+00
+441.0000E-06,-6.2498374E-03,+1.7936240186E+00
+441.5000E-06,-1.2247118E-03,+1.7925990584E+00
+442.0000E-06,-4.0719605E-03,+1.7926645967E+00
+442.5000E-06,-7.1884439E-03,+1.7934929420E+00
+443.0000E-06,-5.0105670E-03,+1.7947990621E+00
+443.5000E-06,-5.8145563E-03,+1.7998997832E+00
+444.0000E-06,-15.9313804E-03,+1.8014985913E+00
+444.5000E-06,-5.0771400E-03,+1.7767353077E+00
+445.0000E-06,-9.2982764E-03,+1.8100436009E+00
+445.5000E-06,-5.7136114E-03,+1.8133992947E+00
+446.0000E-06,-4.1056329E-03,+1.8162772137E+00
+446.5000E-06,-10.6384916E-03,+1.8124169051E+00
+447.0000E-06,-6.2498374E-03,+1.8108488898E+00
+447.5000E-06,-6.2498374E-03,+1.8178760218E+00
+448.0000E-06,-8.0253336E-03,+1.8110338073E+00
+448.5000E-06,-6.2498374E-03,+1.8047540900E+00
+449.0000E-06,-9.6333121E-03,+1.7988827368E+00
+449.5000E-06,-10.4373013E-03,+1.8002349531E+00
+450.0000E-06,-6.2498374E-03,+1.8004159983E+00
+450.5000E-06,-6.2498374E-03,+1.7950030666E+00
+451.0000E-06,-1.2247118E-03,+1.7959507911E+00
+451.5000E-06,-8.6281326E-03,+1.7940399499E+00
+452.0000E-06,-6.7532351E-03,+1.7932810153E+00
+452.5000E-06,-2.2635637E-03,+1.7945292529E+00
+453.0000E-06,-1.2247118E-03,+1.7974841497E+00
+453.5000E-06,-6.8189639E-03,+1.8014524951E+00
+454.0000E-06,-6.2498374E-03,+1.8025812647E+00
+454.5000E-06,-8.2625843E-03,+1.7836279180E+00
+455.0000E-06,-1.2247118E-03,+1.8088804325E+00
+455.5000E-06,-5.0097952E-03,+1.8150025161E+00
+456.0000E-06,-6.2498374E-03,+1.8166586657E+00
+456.5000E-06,-1.2247118E-03,+1.8133527463E+00
+457.0000E-06,-6.2498374E-03,+1.8122937507E+00
+457.5000E-06,+1.8244991E-03,+1.8202834586E+00
+458.0000E-06,-3.4699334E-03,+1.8114075147E+00
+458.5000E-06,-9.8337305E-03,+1.8072772111E+00
+459.0000E-06,-5.6125941E-03,+1.8030239306E+00
+459.5000E-06,-6.2498374E-03,+1.8009863289E+00
+460.0000E-06,-6.2498374E-03,+1.8003159807E+00
+460.5000E-06,-8.0245618E-03,+1.7996456325E+00
+461.0000E-06,-6.1175356E-03,+1.7981464869E+00
+461.5000E-06,+417.7109E-06,+1.7983274434E+00
+462.0000E-06,-6.2498374E-03,+1.7940708314E+00
+462.5000E-06,-16.2312000E-03,+1.7963942725E+00
+463.0000E-06,-7.0193823E-03,+1.7990063434E+00
+463.5000E-06,-6.2498374E-03,+1.8011864612E+00
+464.0000E-06,-11.0048841E-03,+1.8041683671E+00
+464.5000E-06,-14.4564755E-03,+1.7895978934E+00
+465.0000E-06,-2.2643355E-03,+1.8131411830E+00
+465.5000E-06,+3.3291447E-03,+1.8178184945E+00
+466.0000E-06,-6.8181920E-03,+1.8190507990E+00
+466.5000E-06,-6.2498374E-03,+1.8155061295E+00
+467.0000E-06,-13.4512960E-03,+1.8143742947E+00
+467.5000E-06,-7.1853564E-03,+1.8211040675E+00
+468.0000E-06,-3.7063398E-03,+1.8131411830E+00
+468.5000E-06,-2.5351862E-03,+1.8105282161E+00
+469.0000E-06,-5.8826730E-03,+1.8029080687E+00
+469.5000E-06,+2.6292602E-03,+1.8020266010E+00
+470.0000E-06,-7.3246773E-03,+1.8008818981E+00
+470.5000E-06,-1.2247118E-03,+1.7999110368E+00
+471.0000E-06,-9.8329586E-03,+1.7991060059E+00
+471.5000E-06,-1.2247118E-03,+1.7991984647E+00
+472.0000E-06,-6.2498374E-03,+1.7980969705E+00
+472.5000E-06,-9.3350362E-03,+1.7991602906E+00
+473.0000E-06,-2.9986644E-03,+1.8006316198E+00
+473.5000E-06,-6.2498374E-03,+1.8024577469E+00
+474.0000E-06,-7.9885738E-03,+1.8081181581E+00
+474.5000E-06,-15.4608832E-03,+1.7891558656E+00
+475.0000E-06,-1.1894956E-03,+1.8154284416E+00
+475.5000E-06,-8.9686437E-03,+1.8197222207E+00
+476.0000E-06,-1.2247118E-03,+1.8196788345E+00
+476.5000E-06,-1.4963343E-03,+1.8185530412E+00
+477.0000E-06,-7.5861933E-03,+1.8161843111E+00
+477.5000E-06,-6.2498374E-03,+1.8221481231E+00
+478.0000E-06,-5.7770245E-03,+1.8175739914E+00
+478.5000E-06,-5.6822545E-03,+1.8103170078E+00
+479.0000E-06,-2.5962838E-03,+1.8079401780E+00
+479.5000E-06,-4.0742761E-03,+1.8032395521E+00
+480.0000E-06,-4.2042622E-03,+1.8028465802E+00
+480.5000E-06,-1.2247118E-03,+1.8021545237E+00
+481.0000E-06,-787.1151E-06,+1.8014324233E+00
+481.5000E-06,-1.2247118E-03,+1.8003854802E+00
+482.0000E-06,-5.0794556E-03,+1.8008709108E+00
+482.5000E-06,-6.2498374E-03,+1.8005513994E+00
+483.0000E-06,-1.2247118E-03,+1.8020390168E+00
+483.5000E-06,-1.2247118E-03,+1.8038949519E+00
+484.0000E-06,-6.2498374E-03,+1.8081605595E+00
+484.5000E-06,-1.5551163E-03,+1.7807254946E+00
+485.0000E-06,-6.2498374E-03,+1.8174299275E+00
+485.5000E-06,+548.4689E-06,+1.8217418088E+00
+486.0000E-06,-1.2247118E-03,+1.8206686054E+00
+486.5000E-06,-6.2498374E-03,+1.8202756335E+00
+487.0000E-06,-5.4098601E-03,+1.8170898117E+00
+487.5000E-06,+3.6924498E-03,+1.8241086665E+00
+488.0000E-06,-1.2247118E-03,+1.8180292589E+00
+488.5000E-06,-1.5338660E-03,+1.8119854041E+00
+489.0000E-06,-1.2247118E-03,+1.8059018579E+00
+489.5000E-06,-9.4298062E-03,+1.8057234340E+00
+490.0000E-06,-1.2247118E-03,+1.8025204864E+00
+490.5000E-06,-6.0126591E-03,+1.8015833942E+00
+491.0000E-06,-6.2498374E-03,+1.8006231651E+00
+491.5000E-06,+2.4296136E-03,+1.7995871205E+00
+492.0000E-06,-3.3995012E-03,+1.8006777161E+00
+492.5000E-06,+821.6352E-06,+1.8007701748E+00
+493.0000E-06,-6.2498374E-03,+1.8031741914E+00
+493.5000E-06,+3.3620453E-03,+1.8068852239E+00
+494.0000E-06,-859.0911E-06,+1.8090118642E+00
+494.5000E-06,-15.4771646E-03,+1.7850585683E+00
+495.0000E-06,-3.1983109E-03,+1.8167534407E+00
+495.5000E-06,+1.5528765E-03,+1.8219460796E+00
+496.0000E-06,-4.8062893E-03,+1.8208197538E+00
+496.5000E-06,-7.5289550E-03,+1.8198552085E+00
+497.0000E-06,-1.3891422E-03,+1.8177453890E+00
+497.5000E-06,-10.3065433E-03,+1.8259661190E+00
+498.0000E-06,-2.7050197E-03,+1.8177642985E+00
+498.5000E-06,-6.1221668E-03,+1.8117184826E+00
+499.0000E-06,-2.8694501E-03,+1.8085180675E+00
+499.5000E-06,-6.2498374E-03,+1.8063031958E+00
+500.0000E-06,-1.1879519E-03,+1.8033212899E+00
+500.5000E-06,-457.4824E-06,+1.8028274044E+00
+501.0000E-06,-4.6786188E-03,+1.8023777928E+00
+501.5000E-06,-950.0018E-06,+1.8009739131E+00
+502.0000E-06,-4.4039088E-03,+1.8010055047E+00
+502.5000E-06,-6.2498374E-03,+1.8011253278E+00
+503.0000E-06,-6.2498374E-03,+1.8021612836E+00
+503.5000E-06,+2.1022965E-03,+1.8078750835E+00
+504.0000E-06,-3.5097807E-03,+1.8094110634E+00
+504.5000E-06,-6.9269279E-03,+1.7897798069E+00
+505.0000E-06,+822.4070E-06,+1.8161589968E+00
+505.5000E-06,-1.2247118E-03,+1.8216605149E+00
+506.0000E-06,-1.6638522E-03,+1.8234421906E+00
+506.5000E-06,+3.4355650E-03,+1.8195818821E+00
+507.0000E-06,-6.2498374E-03,+1.8184766043E+00
+507.5000E-06,-9.3021357E-03,+1.8257306115E+00
+508.0000E-06,-6.2498374E-03,+1.8173079658E+00
+508.5000E-06,-3.3611976E-03,+1.8116532105E+00
+509.0000E-06,-2.5053731E-03,+1.8059119576E+00
+509.5000E-06,-1.2247118E-03,+1.8044916621E+00
+510.0000E-06,-9.3396674E-03,+1.8034283420E+00
+510.5000E-06,-2.9963488E-03,+1.8017871324E+00
+511.0000E-06,-1.2247118E-03,+1.8018795912E+00
+511.5000E-06,-7.9839426E-03,+1.8015833942E+00
+512.0000E-06,-2.0662327E-03,+1.8003308404E+00
+512.5000E-06,-11.2374312E-03,+1.8010055047E+00
+513.0000E-06,-7.0162949E-03,+1.8021612836E+00
+513.5000E-06,-1.2247118E-03,+1.8054480189E+00
+514.0000E-06,-6.5260911E-03,+1.8076353487E+00
+514.5000E-06,-5.7348617E-03,+1.7906483844E+00
+515.0000E-06,-11.2749629E-03,+1.8161288725E+00
+515.5000E-06,-6.4885593E-03,+1.8203229335E+00
+516.0000E-06,-10.1444285E-03,+1.8213616466E+00
+516.5000E-06,-14.9308321E-03,+1.8200758563E+00
+517.0000E-06,-1.2247118E-03,+1.8189200774E+00
+517.5000E-06,-2.1540560E-03,+1.8236500675E+00
+518.0000E-06,-1.2247118E-03,+1.8174838960E+00
+518.5000E-06,-2.1045363E-03,+1.8113063349E+00
+519.0000E-06,-1.2247118E-03,+1.8086018052E+00
+519.5000E-06,-6.2498374E-03,+1.8037606243E+00
+520.0000E-06,-1.2247118E-03,+1.8021612836E+00
+520.5000E-06,-3.4737927E-03,+1.8026785722E+00
+521.0000E-06,-6.2498374E-03,+1.8012510231E+00
+521.5000E-06,-4.9676323E-03,+1.8010055047E+00
+522.0000E-06,-6.4127240E-03,+1.8004463473E+00
+522.5000E-06,-7.2167133E-03,+1.8008943140E+00
+523.0000E-06,-11.2749629E-03,+1.8015833942E+00
+523.5000E-06,-6.3744205E-03,+1.8047546226E+00
+524.0000E-06,+2.1541318E-03,+1.8094746018E+00
+524.5000E-06,-2.9092974E-03,+1.7829037899E+00
+525.0000E-06,+3.7621102E-03,+1.8165688754E+00
+525.5000E-06,-1.9903974E-03,+1.8203895842E+00
+526.0000E-06,-2.7943866E-03,+1.8192811026E+00
+526.5000E-06,-11.2749629E-03,+1.8188881307E+00
+527.0000E-06,-6.2498374E-03,+1.8169144613E+00
+527.5000E-06,-181.2287E-06,+1.8226053018E+00
+528.0000E-06,-1.2247118E-03,+1.8158929212E+00
+528.5000E-06,-2.3537025E-03,+1.8104464867E+00
+529.0000E-06,-6.2498374E-03,+1.8037891897E+00
+529.5000E-06,-544.5338E-06,+1.8019114491E+00
+530.0000E-06,-2.1525123E-03,+1.8015833942E+00
+530.5000E-06,+7.5808660E-03,+1.8001360007E+00
+531.0000E-06,-5.3684691E-03,+1.7992718364E+00
+531.5000E-06,-1.2247118E-03,+1.7982413978E+00
+532.0000E-06,-8.9403743E-03,+1.7984254693E+00
+532.5000E-06,-1.2247118E-03,+1.8002009177E+00
+533.0000E-06,-699.2919E-06,+1.8006863484E+00
+533.5000E-06,-6.2498374E-03,+1.8035624033E+00
+534.0000E-06,-5.6079630E-03,+1.8053459930E+00
+534.5000E-06,-20.6767548E-03,+1.7771257055E+00
+535.0000E-06,-1.2247118E-03,+1.8167643808E+00
+535.5000E-06,-4.4797441E-03,+1.8190908454E+00
+536.0000E-06,-6.2498374E-03,+1.8203718758E+00
+536.5000E-06,-2.8717657E-03,+1.8166085196E+00
+537.0000E-06,-5.4067727E-03,+1.8155496932E+00
+537.5000E-06,-1.2247118E-03,+1.8206402647E+00
+538.0000E-06,-5.4849236E-03,+1.8138070375E+00
+538.5000E-06,-9.7060599E-03,+1.8090593390E+00
+539.0000E-06,-1.2247118E-03,+1.8039270762E+00
+539.5000E-06,-1.2247118E-03,+1.8023140769E+00
+540.0000E-06,-5.2055824E-03,+1.8011255941E+00
+540.5000E-06,+3.5601481E-03,+1.8005105070E+00
+541.0000E-06,-1.7884353E-03,+1.7998497259E+00
+541.5000E-06,-6.2498374E-03,+1.7973261110E+00
+542.0000E-06,-4.0781354E-03,+1.7978663118E+00
+542.5000E-06,-8.1023509E-03,+1.7989296319E+00
+543.0000E-06,-7.4952826E-03,+1.8004276153E+00
+543.5000E-06,-6.2498374E-03,+1.8017356965E+00
+544.0000E-06,-6.6123706E-03,+1.8038949519E+00
+544.5000E-06,-15.4926018E-03,+1.7815222621E+00
+545.0000E-06,-1.2247118E-03,+1.8129373088E+00
+545.5000E-06,-1.2247118E-03,+1.8194377211E+00
+546.0000E-06,-7.6964728E-03,+1.8189200774E+00
+546.5000E-06,-5.6071911E-03,+1.8180465707E+00
+547.0000E-06,-1.3860548E-03,+1.8119854041E+00
+547.5000E-06,-2.1900440E-03,+1.8213426484E+00
+548.0000E-06,-2.9940332E-03,+1.8133446550E+00
+548.5000E-06,-8.8231480E-03,+1.8079820940E+00
+549.0000E-06,+423.1139E-06,+1.8023601731E+00
+549.5000E-06,-5.4060008E-03,+1.8020642424E+00
+550.0000E-06,-1.2645591E-03,+1.8010055047E+00
+550.5000E-06,-9.7466791E-03,+1.7989575759E+00
+551.0000E-06,-7.8179685E-03,+1.7984398435E+00
+551.5000E-06,-1.2247118E-03,+1.7975381681E+00
+552.0000E-06,-9.4259469E-03,+1.7965350050E+00
+552.5000E-06,-3.3147654E-03,+1.7983564137E+00
+553.0000E-06,+3.0773011E-03,+1.8004553346E+00
+553.5000E-06,-2.3506151E-03,+1.8020318047E+00
+554.0000E-06,-2.5916527E-03,+1.8045791362E+00
+554.5000E-06,-2.0291111E-03,+1.7850514034E+00
+555.0000E-06,-4.1996311E-03,+1.8105938515E+00
+555.5000E-06,+1.3079797E-03,+1.8187767624E+00
+556.0000E-06,-6.2498374E-03,+1.8171864091E+00
+556.5000E-06,-1.2247118E-03,+1.8154943433E+00
+557.0000E-06,+1.4689126E-03,+1.8119854041E+00
+557.5000E-06,-4.2800975E-03,+1.8190217482E+00
+558.0000E-06,-6.2498374E-03,+1.8126233618E+00
+558.5000E-06,-2.6721191E-03,+1.8073622886E+00
+559.0000E-06,-4.9630011E-03,+1.8025911869E+00
+559.5000E-06,-1.0641407E-03,+1.8010055047E+00
+560.0000E-06,+2.8358535E-03,+1.8004276153E+00
+560.5000E-06,+3.8004138E-03,+1.8006309985E+00
+561.0000E-06,-1.1047598E-03,+1.7981436465E+00
+561.5000E-06,-4.6012398E-03,+1.7960214583E+00
+562.0000E-06,-7.0944457E-03,+1.7958044998E+00
+562.5000E-06,-1.2653309E-03,+1.7981160575E+00
+563.0000E-06,-10.5115929E-03,+1.8002520402E+00
+563.5000E-06,-7.8171966E-03,+1.8014031479E+00
+564.0000E-06,-3.8784889E-03,+1.8042326156E+00
+564.5000E-06,-5.7255993E-03,+1.7816621402E+00
+565.0000E-06,-5.2040387E-03,+1.8126366708E+00
+565.5000E-06,-982.9024E-06,+1.8178755309E+00
+566.0000E-06,-1.2247118E-03,+1.8189200774E+00
+566.5000E-06,-1.2247118E-03,+1.8128775124E+00
+567.0000E-06,-9.1048047E-03,+1.8124057875E+00
+567.5000E-06,-3.2756899E-03,+1.8199461583E+00
+568.0000E-06,-6.2498374E-03,+1.8112641109E+00
+568.5000E-06,-1.6677115E-03,+1.8067843991E+00
+569.0000E-06,-15.2171200E-03,+1.8010470185E+00
+569.5000E-06,-6.2498374E-03,+1.7993638097E+00
+570.0000E-06,-10.3931846E-03,+1.8010055047E+00
+570.5000E-06,+1.5482454E-03,+1.7986939470E+00
+571.0000E-06,-1.2247118E-03,+1.7999279935E+00
+571.5000E-06,-1.2247118E-03,+1.7968121150E+00
+572.0000E-06,-6.0900381E-03,+1.7974646604E+00
+572.5000E-06,+1.8728369E-03,+1.7977598394E+00
+573.0000E-06,-8.0176150E-03,+1.7994111431E+00
+573.5000E-06,+1.1102387E-03,+1.8018655304E+00
+574.0000E-06,-1.2247118E-03,+1.8046536619E+00
+574.5000E-06,-11.2749629E-03,+1.7762805921E+00
+575.0000E-06,-1.2661028E-03,+1.8148129717E+00
+575.5000E-06,-1.2247118E-03,+1.8173258046E+00
+576.0000E-06,-8.1417881E-03,+1.8183047712E+00
+576.5000E-06,-3.5952884E-03,+1.8159653166E+00
+577.0000E-06,-9.4244032E-03,+1.8121982185E+00
+577.5000E-06,-6.2498374E-03,+1.8199555007E+00
+578.0000E-06,-6.2498374E-03,+1.8120133010E+00
+578.5000E-06,-5.1270215E-03,+1.8075559743E+00
+579.0000E-06,-11.2749629E-03,+1.8028961937E+00
+579.5000E-06,-4.0804510E-03,+1.8007560253E+00
+580.0000E-06,-1.2247118E-03,+1.8001916640E+00
+580.5000E-06,+23.0490E-06,+1.8001367108E+00
+581.0000E-06,+3.3566422E-03,+1.7992208027E+00
+581.5000E-06,-6.2498374E-03,+1.7969602786E+00
+582.0000E-06,-3.5531255E-03,+1.7954943779E+00
+582.5000E-06,-2.3134452E-03,+1.7966087318E+00
+583.0000E-06,-3.9968971E-03,+1.8004276153E+00
+583.5000E-06,-1.2247118E-03,+1.8013387635E+00
+584.0000E-06,-1.2247118E-03,+1.8049765602E+00
+584.5000E-06,-15.3459242E-03,+1.7758417348E+00
+585.0000E-06,+3.8004138E-03,+1.8120095590E+00
+585.5000E-06,-5.9739455E-03,+1.8179357766E+00
+586.0000E-06,-1.3415763E-03,+1.8192157418E+00
+586.5000E-06,-4.5996960E-03,+1.8156768698E+00
+587.0000E-06,-9.5826587E-03,+1.8125632936E+00
+587.5000E-06,-11.1906372E-03,+1.8200710076E+00
+588.0000E-06,-462.8854E-06,+1.8118455648E+00
+588.5000E-06,-6.2498374E-03,+1.8075046743E+00
+589.0000E-06,-1.2247118E-03,+1.8018559217E+00
+589.5000E-06,-3.0760434E-03,+1.8015833942E+00
+590.0000E-06,+3.8004138E-03,+1.8000906146E+00
+590.5000E-06,+3.5570606E-03,+1.7986939470E+00
+591.0000E-06,-6.2498374E-03,+1.7987584201E+00
+591.5000E-06,+139.9135E-06,+1.7951195166E+00
+592.0000E-06,-4.0812229E-03,+1.7949772197E+00
+592.5000E-06,-1.2247118E-03,+1.7978555963E+00
+593.0000E-06,-1.2247118E-03,+1.8008619235E+00
+593.5000E-06,-10.3858761E-03,+1.8016345167E+00
+594.0000E-06,-10.1966255E-03,+1.8045141776E+00
+594.5000E-06,-13.6018330E-03,+1.7814596835E+00
+595.0000E-06,+1.8329896E-03,+1.8122116579E+00
+595.5000E-06,-3.4784239E-03,+1.8194979668E+00
+596.0000E-06,-2.6744347E-03,+1.8185866411E+00
+596.5000E-06,-4.9583700E-03,+1.8173187423E+00
+597.0000E-06,-5.9333263E-03,+1.8131411830E+00
+597.5000E-06,-262.4670E-06,+1.8193627100E+00
+598.0000E-06,+2.0341798E-03,+1.8112358590E+00
+598.5000E-06,-3.6796142E-03,+1.8073490267E+00
+599.0000E-06,-6.2498374E-03,+1.8033253869E+00
+599.5000E-06,-10.4280390E-03,+1.8011029010E+00
+600.0000E-06,-1.2676465E-03,+1.8004128028E+00
+600.5000E-06,-10.5139085E-03,+1.7983786213E+00
+601.0000E-06,-9.7099192E-03,+1.7994518164E+00
+601.5000E-06,+857.2614E-06,+1.7975381681E+00
+602.0000E-06,-1.2247118E-03,+1.7963213030E+00
+602.5000E-06,-6.2498374E-03,+1.7991513033E+00
+603.0000E-06,-6.0057123E-03,+1.7998778002E+00
+603.5000E-06,-11.2749629E-03,+1.8021612836E+00
+604.0000E-06,-4.8859839E-03,+1.8045223245E+00
+604.5000E-06,-5.5603971E-03,+1.7832838383E+00
+605.0000E-06,-8.3031311E-03,+1.8126440604E+00
+605.5000E-06,-1.2247118E-03,+1.8186295280E+00
+606.0000E-06,+3.8004138E-03,+1.8189712887E+00
+606.5000E-06,-1.2247118E-03,+1.8155764833E+00
+607.0000E-06,-6.2498374E-03,+1.8126539354E+00
+607.5000E-06,+741.9406E-06,+1.8203020213E+00
+608.0000E-06,+1.0297722E-03,+1.8140376962E+00
+608.5000E-06,-6.2498374E-03,+1.8084287293E+00
+609.0000E-06,-9.9819518E-03,+1.8020869355E+00
+609.5000E-06,-1.5396791E-03,+1.8010236154E+00
+610.0000E-06,-5.2883645E-03,+1.8019401449E+00
+610.5000E-06,-4.4843753E-03,+1.8000839490E+00
+611.0000E-06,-3.7941631E-03,+1.7990025182E+00
+611.5000E-06,-2.8763968E-03,+1.7977361700E+00
+612.0000E-06,-6.2498374E-03,+1.7967653086E+00
+612.5000E-06,-1.1810052E-03,+1.7975632994E+00
+613.0000E-06,-464.4292E-06,+1.8009180722E+00
+613.5000E-06,-892.4017E-06,+1.8019813924E+00
+614.0000E-06,+1.1435493E-03,+1.8052898914E+00
+614.5000E-06,-4.9304624E-03,+1.7811184665E+00
+615.0000E-06,+2.7515277E-03,+1.8136686323E+00
+615.5000E-06,-6.0049405E-03,+1.8195261300E+00
+616.0000E-06,-1.7838041E-03,+1.8189200774E+00
+616.5000E-06,-2.5877933E-03,+1.8169220284E+00
+617.0000E-06,-1.2247118E-03,+1.8147953882E+00
+617.5000E-06,+1.7463482E-03,+1.8204175282E+00
+618.0000E-06,-4.9997610E-03,+1.8140094443E+00
+618.5000E-06,-5.8037502E-03,+1.8082615674E+00
+619.0000E-06,-1.2247118E-03,+1.8054639853E+00
+619.5000E-06,-5.0879461E-03,+1.8018506292E+00
+620.0000E-06,-4.2839568E-03,+1.8004276153E+00
+620.5000E-06,-1.2247118E-03,+1.8006277891E+00
+621.0000E-06,+2.3491472E-03,+1.7994387321E+00
+621.5000E-06,-1.2247118E-03,+1.7963079523E+00
+622.0000E-06,-1.0680000E-03,+1.7969963224E+00
+622.5000E-06,-1.2247118E-03,+1.7991613558E+00
+623.0000E-06,+539.9785E-06,+1.8000217365E+00
+623.5000E-06,-8.7062835E-03,+1.8036124606E+00
+624.0000E-06,-4.5973805E-03,+1.8058030692E+00
+624.5000E-06,-8.7952404E-03,+1.7787082837E+00
+625.0000E-06,+3.7114569E-03,+1.8159590199E+00
+625.5000E-06,+3.0409030E-03,+1.8192359356E+00
+626.0000E-06,-1.2247118E-03,+1.8196777693E+00
+626.5000E-06,-934.5646E-06,+1.8162027907E+00
+627.0000E-06,-3.0783590E-03,+1.8137190724E+00
+627.5000E-06,+3.8004138E-03,+1.8210852606E+00
+628.0000E-06,+3.8004138E-03,+1.8136908205E+00
+628.5000E-06,+3.2420933E-03,+1.8071054334E+00
+629.0000E-06,+2.4381041E-03,+1.8022100566E+00
+629.5000E-06,+941.5871E-06,+1.8015833942E+00
+630.0000E-06,-309.2611E-06,+1.8015833942E+00
+630.5000E-06,-4.9989891E-03,+1.8005714628E+00
+631.0000E-06,-1.6715708E-03,+1.7997983371E+00
+631.5000E-06,-1.5818420E-03,+1.7993129064E+00
+632.0000E-06,-2.3858312E-03,+1.7971835616E+00
+632.5000E-06,-6.2498374E-03,+1.8004276153E+00
+633.0000E-06,-8.5058651E-03,+1.8019018404E+00
+633.5000E-06,-1.2247118E-03,+1.8019173630E+00
+634.0000E-06,-1.2247118E-03,+1.8080147037E+00
+634.5000E-06,-16.1441486E-03,+1.7790058094E+00
+635.0000E-06,-6.2498374E-03,+1.8138553945E+00
+635.5000E-06,-2.9886302E-03,+1.8204508951E+00
+636.0000E-06,-8.8177450E-03,+1.8197932762E+00
+636.5000E-06,-2.8125012E-03,+1.8175817027E+00
+637.0000E-06,-10.4257234E-03,+1.8150620906E+00
+637.5000E-06,+3.7551635E-03,+1.8212108200E+00
+638.0000E-06,-7.0085763E-03,+1.8138935824E+00
+638.5000E-06,-2.7874399E-03,+1.8086977812E+00
+639.0000E-06,-1.2247118E-03,+1.8043386636E+00
+639.5000E-06,-4.3954183E-03,+1.8024640297E+00
+640.0000E-06,-2.2751416E-03,+1.8006692142E+00
+640.5000E-06,-1.4711524E-03,+1.8010338454E+00
+641.0000E-06,-5.1347401E-03,+1.7995283088E+00
+641.5000E-06,+136.8261E-06,+1.7985857881E+00
+642.0000E-06,+940.8153E-06,+1.7977073855E+00
+642.5000E-06,-1.2247118E-03,+1.7988252427E+00
+643.0000E-06,+3.8004138E-03,+1.8015833942E+00
+643.5000E-06,-5.8022065E-03,+1.8021612836E+00
+644.0000E-06,-5.8934790E-03,+1.8061245473E+00
+644.5000E-06,-840.9765E-06,+1.7825151452E+00
+645.0000E-06,-2.3211638E-03,+1.8118593121E+00
+645.5000E-06,-1.2247118E-03,+1.8200758563E+00
+646.0000E-06,-1.2247118E-03,+1.8196650400E+00
+646.5000E-06,-4.9521951E-03,+1.8164592908E+00
+647.0000E-06,-6.2498374E-03,+1.8137547611E+00
+647.5000E-06,-2.1838691E-03,+1.8206273717E+00
+648.0000E-06,-8.0129839E-03,+1.8137190724E+00
+648.5000E-06,-3.6827016E-03,+1.8088132881E+00
+649.0000E-06,-1.2247118E-03,+1.8027391731E+00
+649.5000E-06,+2.9504024E-03,+1.8015833942E+00
+650.0000E-06,-1.1786896E-03,+1.8010107973E+00
+650.5000E-06,+3.0424468E-03,+1.8004276153E+00
+651.0000E-06,+337.2445E-06,+1.7986549324E+00
+651.5000E-06,+1.1412337E-03,+1.7978439738E+00
+652.0000E-06,+3.8004138E-03,+1.7976272122E+00
+652.5000E-06,-173.5101E-06,+1.7982369457E+00
+653.0000E-06,-6.0026249E-03,+1.8010055047E+00
+653.5000E-06,+2.1300835E-03,+1.8026111144E+00
+654.0000E-06,-1.2247118E-03,+1.8063629978E+00
+654.5000E-06,-1.9203270E-03,+1.7834109150E+00
+655.0000E-06,+6.7691582E-03,+1.8117222800E+00
+655.5000E-06,+2.5480218E-03,+1.8194961777E+00
+656.0000E-06,-776.3091E-06,+1.8189200774E+00
+656.5000E-06,-10.5637899E-03,+1.8161124151E+00
+657.0000E-06,-5.0902616E-03,+1.8141636107E+00
+657.5000E-06,-9.3113980E-03,+1.8205274762E+00
+658.0000E-06,-6.7598201E-03,+1.8125632936E+00
+658.5000E-06,-4.1318762E-03,+1.8078494197E+00
+659.0000E-06,-6.2498374E-03,+1.8036708424E+00
+659.5000E-06,-5.9410449E-03,+1.8015833942E+00
+660.0000E-06,-6.2498374E-03,+1.8013629655E+00
+660.5000E-06,+537.6629E-06,+1.8012081778E+00
+661.0000E-06,-3.6834735E-03,+1.7998621001E+00
+661.5000E-06,-4.5950649E-03,+1.7973548622E+00
+662.0000E-06,-6.2498374E-03,+1.7975290171E+00
+662.5000E-06,-1.2247118E-03,+1.7975543120E+00
+663.0000E-06,-6.2498374E-03,+1.7994459913E+00
+663.5000E-06,+2.2392294E-03,+1.8015833942E+00
+664.0000E-06,-5.9550590E-03,+1.8060023138E+00
+664.5000E-06,-11.8177256E-03,+1.7816794048E+00
+665.0000E-06,+1.6964667E-03,+1.8153717547E+00
+665.5000E-06,+8.3295707E-03,+1.8201328927E+00
+666.0000E-06,-668.7069E-06,+1.8195619074E+00
+666.5000E-06,-13.5801003E-03,+1.8170777176E+00
+667.0000E-06,-6.2498374E-03,+1.8142969619E+00
+667.5000E-06,-313.8922E-06,+1.8208632342E+00
+668.0000E-06,+28.4520E-06,+1.8129970692E+00
+668.5000E-06,+3.3512392E-03,+1.8083114472E+00
+669.0000E-06,-11.2749629E-03,+1.8017058052E+00
+669.5000E-06,-6.2498374E-03,+1.8015833942E+00
+670.0000E-06,-1.2247118E-03,+1.8006533365E+00
+670.5000E-06,-9.0166196E-03,+1.8010055047E+00
+671.0000E-06,-1.2247118E-03,+1.7993479737E+00
+671.5000E-06,-3.1758063E-03,+1.7963075972E+00
+672.0000E-06,-1.0710874E-03,+1.7981337243E+00
+672.5000E-06,-1.2247118E-03,+1.7984736958E+00
+673.0000E-06,-6.2498374E-03,+1.8009756412E+00
+673.5000E-06,+1.2348218E-03,+1.8030098227E+00
+674.0000E-06,-6.2498374E-03,+1.8071719010E+00
+674.5000E-06,-17.9189936E-03,+1.7807395470E+00
+675.0000E-06,-11.1322652E-03,+1.8142532012E+00
+675.5000E-06,+2.2875672E-03,+1.8199018789E+00
+676.0000E-06,+2.2400013E-03,+1.8190995248E+00
+676.5000E-06,-3.5891135E-03,+1.8160306302E+00
+677.0000E-06,-4.3931028E-03,+1.8135937044E+00
+677.5000E-06,+3.8004138E-03,+1.8197126591E+00
+678.0000E-06,-1.4734680E-03,+1.8125060796E+00
+678.5000E-06,+3.8004138E-03,+1.8076815476E+00
+679.0000E-06,-1.2247118E-03,+1.8036296836E+00
+679.5000E-06,-1.2247118E-03,+1.8016637450E+00
+680.0000E-06,+2.8911380E-03,+1.8010055047E+00
+680.5000E-06,+3.8004138E-03,+1.8004265363E+00
+681.0000E-06,-1.2247118E-03,+1.7996944943E+00
+681.5000E-06,-5.5417518E-03,+1.7954301849E+00
+682.0000E-06,-66.6798E-06,+1.7970934523E+00
+682.5000E-06,-3.1867330E-03,+1.7996240934E+00
+683.0000E-06,-6.2498374E-03,+1.8009472118E+00
+683.5000E-06,-1.2247118E-03,+1.8037276125E+00
+684.0000E-06,-1.2247118E-03,+1.8075120500E+00
+684.5000E-06,-1.6832693E-03,+1.7778921129E+00
+685.0000E-06,+6.9118559E-03,+1.8117376251E+00
+685.5000E-06,+5.3038775E-03,+1.8204512502E+00
+686.0000E-06,+1.2355936E-03,+1.8189320966E+00
+686.5000E-06,-9.6186467E-03,+1.8164245036E+00
+687.0000E-06,-2.0770388E-03,+1.8130431654E+00
+687.5000E-06,+3.7520760E-03,+1.8200702974E+00
+688.0000E-06,-1.9803632E-03,+1.8132280829E+00
+688.5000E-06,-4.6901967E-03,+1.8075416473E+00
+689.0000E-06,-1.5225776E-03,+1.8015491396E+00
+689.5000E-06,-1.2247118E-03,+1.8019476704E+00
+690.0000E-06,-1.2247118E-03,+1.8015833942E+00
+690.5000E-06,-1.2247118E-03,+1.7998497259E+00
+691.0000E-06,-1.2247118E-03,+1.7985664209E+00
+691.5000E-06,-1.2247118E-03,+1.7975381681E+00
+692.0000E-06,-6.2498374E-03,+1.7970479025E+00
+692.5000E-06,-6.2498374E-03,+1.7985615860E+00
+693.0000E-06,-7.5108404E-03,+1.8011497961E+00
+693.5000E-06,+3.8004138E-03,+1.8016352268E+00
+694.0000E-06,-5.8965664E-03,+1.8066218945E+00
+694.5000E-06,+1.4858935E-03,+1.7833115521E+00
+695.0000E-06,+1.8391644E-03,+1.8120560852E+00
+695.5000E-06,+3.8004138E-03,+1.8211154043E+00
+696.0000E-06,-1.2247118E-03,+1.8186770445E+00
+696.5000E-06,-9.9711458E-03,+1.8152278323E+00
+697.0000E-06,-1.5288731E-03,+1.8131761615E+00
+697.5000E-06,-5.2937675E-03,+1.8207636938E+00
+698.0000E-06,-2.9847709E-03,+1.8123608868E+00
+698.5000E-06,+3.8004138E-03,+1.8088129330E+00
+699.0000E-06,-2.9356612E-03,+1.8033232566E+00
+699.5000E-06,-2.0778106E-03,+1.8014852878E+00
+700.0000E-06,-1.2738214E-03,+1.8010055047E+00
+700.5000E-06,-1.2247118E-03,+1.7998497259E+00
+701.0000E-06,+334.1570E-06,+1.7978967079E+00
+701.5000E-06,-5.9504278E-03,+1.7969602786E+00
+702.0000E-06,+1.9421355E-03,+1.7957412832E+00
+702.5000E-06,-2.2790009E-03,+1.7988151902E+00
+703.0000E-06,+3.2998140E-03,+1.8004563998E+00
+703.5000E-06,-1.2247118E-03,+1.8021612836E+00
+704.0000E-06,+3.8004138E-03,+1.8046756171E+00
+704.5000E-06,-6.9516274E-03,+1.7836364504E+00
+705.0000E-06,-318.5234E-06,+1.8127433013E+00
+705.5000E-06,+3.8004138E-03,+1.8194979668E+00
+706.0000E-06,-5.7983472E-03,+1.8182902666E+00
+706.5000E-06,-1.9297099E-03,+1.8133033326E+00
+707.0000E-06,-6.2498374E-03,+1.8126962897E+00
+707.5000E-06,-4.2893599E-03,+1.8193709872E+00
+708.0000E-06,+1.0359471E-03,+1.8120433420E+00
+708.5000E-06,+2.3437441E-03,+1.8070272546E+00
+709.0000E-06,+2.4950529E-03,+1.8020111671E+00
+709.5000E-06,-1.3760206E-03,+1.8010229052E+00
+710.0000E-06,+2.8451158E-03,+1.8010055047E+00
+710.5000E-06,-4.4905501E-03,+1.7996474078E+00
+711.0000E-06,-1.1232845E-03,+1.7975381681E+00
+711.5000E-06,+3.8004138E-03,+1.7960010814E+00
+712.0000E-06,-8.7133508E-03,+1.7978214721E+00
+712.5000E-06,-1.2247118E-03,+1.7975668499E+00
+713.0000E-06,-7.0039451E-03,+1.8007453376E+00
+713.5000E-06,-1.2247118E-03,+1.8023808108E+00
+714.0000E-06,+1.4383276E-03,+1.8068536184E+00
+714.5000E-06,-14.4410383E-03,+1.7839162094E+00
+715.0000E-06,+3.8004138E-03,+1.8141180886E+00
+715.5000E-06,-1.7268553E-03,+1.8194979668E+00
+716.0000E-06,-1.2247118E-03,+1.8183421880E+00
+716.5000E-06,-12.2293685E-03,+1.8160769178E+00
+717.0000E-06,-9.1140670E-03,+1.8131411830E+00
+717.5000E-06,+1.7401733E-03,+1.8196020010E+00
+718.0000E-06,-2.4809630E-03,+1.8115519836E+00
+718.5000E-06,-1.6769738E-03,+1.8071542481E+00
+719.0000E-06,-1.2247118E-03,+1.8022826295E+00
+719.5000E-06,-2.3804282E-03,+1.8015833942E+00
+720.0000E-06,-4.2901317E-03,+1.8013580280E+00
+720.5000E-06,+1.0367189E-03,+1.7998497259E+00
+721.0000E-06,+3.8004138E-03,+1.7981911297E+00
+721.5000E-06,-571.2595E-06,+1.7969602786E+00
+722.0000E-06,-923.6379E-06,+1.7969775904E+00
+722.5000E-06,-1.2247118E-03,+1.7971798197E+00
+723.0000E-06,-1.2247118E-03,+1.8006010462E+00
+723.5000E-06,-1.2247118E-03,+1.8018780822E+00
+724.0000E-06,-7.9084691E-03,+1.8067787377E+00
+724.5000E-06,-8.7110352E-03,+1.7807519740E+00
+725.0000E-06,-1.2753651E-03,+1.8131178825E+00
+725.5000E-06,-5.4965015E-03,+1.8186601765E+00
+726.0000E-06,-8.1603128E-03,+1.8171457968E+00
+726.5000E-06,-1.2247118E-03,+1.8145337259E+00
+727.0000E-06,-9.4151409E-03,+1.8127134239E+00
+727.5000E-06,+632.9153E-06,+1.8186772359E+00
+728.0000E-06,+3.5485702E-03,+1.8135742624E+00
+728.5000E-06,-672.5662E-06,+1.8080671715E+00
+729.0000E-06,-4.8937025E-03,+1.8020512607E+00
+729.5000E-06,-4.0897133E-03,+1.8012539190E+00
+730.0000E-06,-1.2247118E-03,+1.8007684883E+00
+730.5000E-06,-1.2247118E-03,+1.7989827211E+00
+731.0000E-06,-1.2247118E-03,+1.7976423659E+00
+731.5000E-06,-5.8988820E-03,+1.7970409984E+00
+732.0000E-06,-2.3796563E-03,+1.7965618228E+00
+732.5000E-06,-8.4643534E-03,+1.7975381681E+00
+733.0000E-06,-1.2247118E-03,+1.8006877686E+00
+733.5000E-06,-1.2247118E-03,+1.8019935891E+00
+734.0000E-06,-6.2498374E-03,+1.8088702496E+00
+734.5000E-06,-1.6740070E-03,+1.7776564973E+00
+735.0000E-06,-1.2247118E-03,+1.8122047676E+00
+735.5000E-06,-1.2247118E-03,+1.8196715753E+00
+736.0000E-06,-3.6881046E-03,+1.8186480963E+00
+736.5000E-06,-6.2498374E-03,+1.8145039789E+00
+737.0000E-06,-9.5641341E-03,+1.8155387669E+00
+737.5000E-06,-6.1469869E-03,+1.8206360040E+00
+738.0000E-06,-1.2247118E-03,+1.8128229281E+00
+738.5000E-06,-6.2498374E-03,+1.8075004136E+00
+739.0000E-06,-13.6355054E-03,+1.8035185955E+00
+739.5000E-06,-4.3892434E-03,+1.8014334413E+00
+740.0000E-06,+1.6872044E-03,+1.8014618846E+00
+740.5000E-06,-6.5024528E-03,+1.7994170903E+00
+741.0000E-06,-1.2247118E-03,+1.7981794655E+00
+741.5000E-06,-1.2247118E-03,+1.7976940348E+00
+742.0000E-06,-9.1156108E-03,+1.7977052551E+00
+742.5000E-06,-3.2864960E-03,+1.7984865888E+00
+743.0000E-06,+2.5426188E-03,+1.8010055047E+00
+743.5000E-06,-1.6785175E-03,+1.8027391731E+00
+744.0000E-06,-5.8996539E-03,+1.8082361698E+00
+744.5000E-06,-13.9917431E-03,+1.7875507080E+00
+745.0000E-06,+3.8004138E-03,+1.8113478431E+00
+745.5000E-06,-1.7238885E-03,+1.8207111510E+00
+746.0000E-06,+2.3414286E-03,+1.8192556440E+00
+746.5000E-06,-1.2247118E-03,+1.8164578706E+00
+747.0000E-06,-10.9769765E-03,+1.8131754514E+00
+747.5000E-06,-5.2968549E-03,+1.8208729317E+00
+748.0000E-06,+3.8004138E-03,+1.8144990136E+00
+748.5000E-06,-3.6888765E-03,+1.8088014464E+00
+749.0000E-06,-7.9546119E-03,+1.8008094557E+00
+749.5000E-06,+2.0880412E-03,+1.8011039662E+00
+750.0000E-06,+3.7482167E-03,+1.8021492783E+00
+750.5000E-06,-6.2498374E-03,+1.8009190486E+00
+751.0000E-06,+3.8004138E-03,+1.7990929216E+00
+751.5000E-06,-8.9151923E-03,+1.7975381681E+00
+752.0000E-06,-1.2247118E-03,+1.7975381681E+00
+752.5000E-06,-9.1602098E-03,+1.7995150330E+00
+753.0000E-06,+3.8004138E-03,+1.8005150339E+00
+753.5000E-06,-5.6992355E-03,+1.8020979644E+00
+754.0000E-06,+2.4458227E-03,+1.8066286212E+00
+754.5000E-06,-22.0331790E-03,+1.7878569354E+00
+755.0000E-06,-324.6983E-06,+1.8117913300E+00
+755.5000E-06,+3.8004138E-03,+1.8187763935E+00
+756.0000E-06,-5.7952598E-03,+1.8189723538E+00
+756.5000E-06,-5.9004257E-03,+1.8139601665E+00
+757.0000E-06,-3.9430357E-03,+1.8123833274E+00
+757.5000E-06,-4.2924473E-03,+1.8198204768E+00
+758.0000E-06,-1.7223447E-03,+1.8119854041E+00
+758.5000E-06,-6.2498374E-03,+1.8065422538E+00
+759.0000E-06,-2.5362475E-03,+1.8040957749E+00
+759.5000E-06,-10.9785203E-03,+1.8021612836E+00
+760.0000E-06,-9.3705418E-03,+1.8004276153E+00
+760.5000E-06,-1.2247118E-03,+1.8013534317E+00
+761.0000E-06,+1.3354772E-03,+1.7998497259E+00
+761.5000E-06,-1.2247118E-03,+1.7969602786E+00
+762.0000E-06,-6.2498374E-03,+1.7955222609E+00
+762.5000E-06,-21.1133384E-03,+1.7992596536E+00
+763.0000E-06,+3.0493935E-03,+1.8004276153E+00
+763.5000E-06,-1.2247118E-03,+1.8019824575E+00
+764.0000E-06,+1.4414151E-03,+1.8074329281E+00
+764.5000E-06,-10.7136756E-03,+1.7848071416E+00
+765.0000E-06,-2.2828602E-03,+1.8133234653E+00
+765.5000E-06,+3.8004138E-03,+1.8194979668E+00
+766.0000E-06,+2.7007537E-03,+1.8184686489E+00
+766.5000E-06,-7.6036566E-03,+1.8156084300E+00
+767.0000E-06,-3.3825202E-03,+1.8131411830E+00
+767.5000E-06,+838.6161E-06,+1.8196012909E+00
+768.0000E-06,+2.5410751E-03,+1.8135728421E+00
+768.5000E-06,-6.2498374E-03,+1.8076259869E+00
+769.0000E-06,-6.2498374E-03,+1.8016635813E+00
+769.5000E-06,-1.2247118E-03,+1.8017159465E+00
+770.0000E-06,+1.8437956E-03,+1.8006526264E+00
+770.5000E-06,-728.6226E-06,+1.8004276153E+00
+771.0000E-06,+235.8172E-06,+1.7983580253E+00
+771.5000E-06,-5.5932976E-03,+1.7964578913E+00
+772.0000E-06,-6.3972868E-03,+1.7958553698E+00
+772.5000E-06,+1.8975364E-03,+1.7970696941E+00
+773.0000E-06,-4.4944094E-03,+1.8010055047E+00
+773.5000E-06,-1.2247118E-03,+1.8030227295E+00
+774.0000E-06,-4.5481502E-03,+1.8060062194E+00
+774.5000E-06,+2.0849538E-03,+1.7806797062E+00
+775.0000E-06,+3.7466730E-03,+1.8102640962E+00
+775.5000E-06,-1.2247118E-03,+1.8199895777E+00
+776.0000E-06,-7.8040750E-03,+1.8185626027E+00
+776.5000E-06,-8.9167361E-03,+1.8136480779E+00
+777.0000E-06,-4.3869279E-03,+1.8125632936E+00
+777.5000E-06,-8.3676779E-03,+1.8200448666E+00
+778.0000E-06,+3.5454827E-03,+1.8130239147E+00
+778.5000E-06,-1.2247118E-03,+1.8068475408E+00
+779.0000E-06,-1.2247118E-03,+1.8020501955E+00
+779.5000E-06,-1.2247118E-03,+1.8013353350E+00
+780.0000E-06,-3.2888115E-03,+1.8009023582E+00
+780.5000E-06,-1.2247118E-03,+1.8008605920E+00
+781.0000E-06,-5.7937160E-03,+1.7990620206E+00
+781.5000E-06,-6.2498374E-03,+1.7959645190E+00
+782.0000E-06,-1.2247118E-03,+1.7961174621E+00
+782.5000E-06,-4.2939910E-03,+1.7969914459E+00
+783.0000E-06,+1.0405782E-03,+1.8006312509E+00
+783.5000E-06,+3.8004138E-03,+1.8023293332E+00
+784.0000E-06,-1.8820234E-03,+1.8075134703E+00
+784.5000E-06,-5.9564821E-03,+1.7852169426E+00
+785.0000E-06,-1.2247118E-03,+1.8099705704E+00
+785.5000E-06,+2.2846003E-03,+1.8190943960E+00
+786.0000E-06,+3.8004138E-03,+1.8186470311E+00
+786.5000E-06,-6.2498374E-03,+1.8146879949E+00
+787.0000E-06,-1.2247118E-03,+1.8124790427E+00
+787.5000E-06,+8.6620014E-03,+1.8183233811E+00
+788.0000E-06,-1.2247118E-03,+1.8117522739E+00
+788.5000E-06,-8.1680314E-03,+1.8066057506E+00
+789.0000E-06,+1.1327432E-03,+1.8018188267E+00
+789.5000E-06,+73.0511E-06,+1.8015833942E+00
+790.0000E-06,-1.2247118E-03,+1.8010055047E+00
+790.5000E-06,+3.5447109E-03,+1.7987527586E+00
+791.0000E-06,-6.2498374E-03,+1.7986308940E+00
+791.5000E-06,-4.8975618E-03,+1.7952707676E+00
+792.0000E-06,+931.5529E-06,+1.7971241758E+00
+792.5000E-06,+1.7355422E-03,+1.7985909780E+00
+793.0000E-06,-10.0140805E-03,+1.8012955077E+00
+793.5000E-06,-10.3611766E-03,+1.8027391731E+00
+794.0000E-06,-10.5807709E-03,+1.8057084524E+00
+794.5000E-06,-13.9979180E-03,+1.7895700881E+00
+795.0000E-06,-4.2947629E-03,+1.8113126815E+00
+795.5000E-06,-1.2247118E-03,+1.8191806745E+00
+796.0000E-06,+5.9013940E-03,+1.8193298285E+00
+796.5000E-06,-1.2247118E-03,+1.8163058013E+00
+797.0000E-06,-1.2247118E-03,+1.8137861891E+00
+797.5000E-06,-274.8168E-06,+1.8200758563E+00
+798.0000E-06,+3.8004138E-03,+1.8139479697E+00
+798.5000E-06,-6.2498374E-03,+1.8070889760E+00
+799.0000E-06,-6.2498374E-03,+1.8017787331E+00
+799.5000E-06,-1.2247118E-03,+1.8010055047E+00
+800.0000E-06,+3.7451293E-03,+1.8009991470E+00
+800.5000E-06,+2.3030044E-03,+1.8005137163E+00
+801.0000E-06,+2.2477199E-03,+1.7980738475E+00
+801.5000E-06,-6.2498374E-03,+1.7975381681E+00
+802.0000E-06,-3.0891650E-03,+1.7967458665E+00
+802.5000E-06,-1.2247118E-03,+1.7983599643E+00
+803.0000E-06,-1.2247118E-03,+1.8015833942E+00
+803.5000E-06,-1.2247118E-03,+1.8022872119E+00
+804.0000E-06,-1.2247118E-03,+1.8077409529E+00
+804.5000E-06,-3.3802047E-03,+1.7898523326E+00
+805.0000E-06,+3.8004138E-03,+1.8131092169E+00
+805.5000E-06,+36.9425E-06,+1.8194979668E+00
+806.0000E-06,-5.7921723E-03,+1.8183421880E+00
+806.5000E-06,-6.5961615E-03,+1.8144164437E+00
+807.0000E-06,-4.6756519E-03,+1.8132734690E+00
+807.5000E-06,+2.6838934E-03,+1.8195943118E+00
+808.0000E-06,+1.5335800E-03,+1.8128804971E+00
+808.5000E-06,-6.2498374E-03,+1.8088545217E+00
+809.0000E-06,-5.5909820E-03,+1.8010812731E+00
+809.5000E-06,-11.1298290E-03,+1.8021445932E+00
+810.0000E-06,-1.2247118E-03,+1.7999588750E+00
+810.5000E-06,+2.0473015E-03,+1.8010055047E+00
+811.0000E-06,+1.3323898E-03,+1.7978424787E+00
+811.5000E-06,-4.5858026E-03,+1.7958120946E+00
+812.0000E-06,-364.6662E-06,+1.7974392628E+00
+812.5000E-06,+3.7443574E-03,+1.7992847294E+00
+813.0000E-06,-1.9726446E-03,+1.8010055047E+00
+813.5000E-06,-13.1962444E-03,+1.8037164809E+00
+814.0000E-06,-3.8939261E-03,+1.8065855290E+00
+814.5000E-06,+3.8004138E-03,+1.7848851818E+00
+815.0000E-06,-9.1524912E-03,+1.8133529461E+00
+815.5000E-06,-967.4651E-06,+1.8190088275E+00
+816.0000E-06,-1.7714544E-03,+1.8184679388E+00
+816.5000E-06,-9.9242311E-03,+1.8142969619E+00
+817.0000E-06,-1.2247118E-03,+1.8119854041E+00
+817.5000E-06,-3.2911271E-03,+1.8190226913E+00
+818.0000E-06,+3.8004138E-03,+1.8127056460E+00
+818.5000E-06,-766.2749E-06,+1.8084126270E+00
+819.0000E-06,-1.2247118E-03,+1.8027391731E+00
+819.5000E-06,-75.1703E-06,+1.8015833942E+00
+820.0000E-06,+2.6823497E-03,+1.8012301608E+00
+820.5000E-06,+1.0428938E-03,+1.8006320498E+00
+821.0000E-06,+3.8004138E-03,+1.7990305787E+00
+821.5000E-06,-1.8843390E-03,+1.7957286426E+00
+822.0000E-06,-1.2247118E-03,+1.7962993810E+00
+822.5000E-06,-5.3014861E-03,+1.8001004341E+00
+823.0000E-06,+2.0480733E-03,+1.8010055047E+00
+823.5000E-06,-3.7810415E-03,+1.8021612836E+00
+824.0000E-06,-1.2247118E-03,+1.8073587574E+00
+824.5000E-06,+7.1039045E-03,+1.7858788388E+00
+825.0000E-06,+8.7118829E-03,+1.8102778768E+00
+825.5000E-06,+3.0532528E-03,+1.8192401963E+00
+826.0000E-06,+4.1720887E-03,+1.8186989525E+00
+826.5000E-06,+1.1304276E-03,+1.8134482314E+00
+827.0000E-06,-4.3838404E-03,+1.8121999938E+00
+827.5000E-06,-1.2247118E-03,+1.8197094636E+00
+828.0000E-06,-6.7658744E-03,+1.8136300561E+00
+828.5000E-06,-1.2247118E-03,+1.8080657513E+00
+829.0000E-06,+1.1004939E-03,+1.8014712409E+00
+829.5000E-06,+1.6464646E-03,+1.8010055047E+00
+830.0000E-06,-333.9606E-06,+1.8013456676E+00
+830.5000E-06,+1.2740178E-03,+1.8004276153E+00
+831.0000E-06,-9.8973366E-03,+1.7959101178E+00
+831.5000E-06,-1.5694922E-03,+1.7980367580E+00
+832.0000E-06,-6.2498374E-03,+1.7970923872E+00
+832.5000E-06,+728.0471E-06,+1.7989514568E+00
+833.0000E-06,-6.2498374E-03,+1.8009493421E+00
+833.5000E-06,-6.2498374E-03,+1.8024980929E+00
+834.0000E-06,+3.1400148E-03,+1.8085180675E+00
+834.5000E-06,-15.8693180E-03,+1.7918252641E+00
+835.0000E-06,+2.8528344E-03,+1.8102946448E+00
+835.5000E-06,+3.8004138E-03,+1.8190951061E+00
+836.0000E-06,+1.3308460E-03,+1.8180581877E+00
+836.5000E-06,-2.8902903E-03,+1.8152644641E+00
+837.0000E-06,-1.2247118E-03,+1.8120844869E+00
+837.5000E-06,-6.2498374E-03,+1.8194847188E+00
+838.0000E-06,-1.9711009E-03,+1.8124774588E+00
+838.5000E-06,+3.8004138E-03,+1.8090959569E+00
+839.0000E-06,+1.4460462E-03,+1.8032806776E+00
+839.5000E-06,-6.2498374E-03,+1.8011540374E+00
+840.0000E-06,+2.7376342E-03,+1.8013389549E+00
+840.5000E-06,-1.2247118E-03,+1.8005466589E+00
+841.0000E-06,-5.1594396E-03,+1.8008174111E+00
+841.5000E-06,+3.8004138E-03,+1.7960720760E+00
+842.0000E-06,-4.0966601E-03,+1.7969602786E+00
+842.5000E-06,+2.9112063E-03,+1.7982183164E+00
+843.0000E-06,-1.2247118E-03,+1.8015833942E+00
+843.5000E-06,-5.7898567E-03,+1.8033170625E+00
+844.0000E-06,-1.9127290E-03,+1.8083202625E+00
+844.5000E-06,-8.5458330E-03,+1.7934629675E+00
+845.0000E-06,+4.9215653E-03,+1.8124009748E+00
+845.5000E-06,+1.5312645E-03,+1.8197589190E+00
+846.0000E-06,-1.2247118E-03,+1.8181012854E+00
+846.5000E-06,-2.5470536E-03,+1.8125632936E+00
+847.0000E-06,+3.5147772E-03,+1.8131411830E+00
+847.5000E-06,-2.1715193E-03,+1.8186688366E+00
+848.0000E-06,-11.2749629E-03,+1.8117840625E+00
+848.5000E-06,-1.2247118E-03,+1.8068038218E+00
+849.0000E-06,-6.2759118E-03,+1.8002329864E+00
+849.5000E-06,-5.3874762E-03,+1.8009063332E+00
+850.0000E-06,+3.7420418E-03,+1.8010055047E+00
+850.5000E-06,+3.8004138E-03,+1.7984590415E+00
+851.0000E-06,-1.2247118E-03,+1.7962041845E+00
+851.5000E-06,+1.4468181E-03,+1.7969968411E+00
+852.0000E-06,+642.8289E-06,+1.7960192669E+00
+852.5000E-06,-6.2498374E-03,+1.7976941291E+00
+853.0000E-06,-1.4842740E-03,+1.7999094252E+00
+853.5000E-06,-6.2498374E-03,+1.8031918443E+00
+854.0000E-06,-1.2247118E-03,+1.8069394670E+00
+854.5000E-06,-8.4022428E-03,+1.7886272096E+00
+855.0000E-06,+1.7316829E-03,+1.8112716919E+00
+855.5000E-06,-1.2247118E-03,+1.8192070763E+00
+856.0000E-06,-2.1462168E-03,+1.8188670909E+00
+856.5000E-06,-1.2247118E-03,+1.8120643486E+00
+857.0000E-06,-1.2247118E-03,+1.8126952245E+00
+857.5000E-06,-1.2247118E-03,+1.8192397469E+00
+858.0000E-06,-6.2498374E-03,+1.8108854328E+00
+858.5000E-06,-3.3179734E-03,+1.8054600381E+00
+859.0000E-06,-6.2498374E-03,+1.8015833942E+00
+859.5000E-06,-1.0826653E-03,+1.8004439506E+00
+860.0000E-06,+962.3068E-06,+1.8003188212E+00
+860.5000E-06,-4.7247616E-03,+1.8006029990E+00
+861.0000E-06,+1.2463997E-03,+1.7978414135E+00
+861.5000E-06,+2.1332915E-03,+1.7946487209E+00
+862.0000E-06,-2.0878448E-03,+1.7963823892E+00
+862.5000E-06,-6.1906935E-03,+1.7975449696E+00
+863.0000E-06,+3.0555684E-03,+1.7993574936E+00
+863.5000E-06,-8.1772937E-03,+1.8025610571E+00
+864.0000E-06,-10.9554850E-03,+1.8053947855E+00
+864.5000E-06,+63.7888E-06,+1.7862693087E+00
+865.0000E-06,-5.1855141E-03,+1.8106189273E+00
+865.5000E-06,-5.9895033E-03,+1.8206537457E+00
+866.0000E-06,-681.0566E-06,+1.8182796676E+00
+866.5000E-06,-7.5974817E-03,+1.8167214718E+00
+867.0000E-06,-1.2247118E-03,+1.8135530450E+00
+867.5000E-06,-1.2247118E-03,+1.8184440918E+00
+868.0000E-06,+1.2693867E-03,+1.8112619806E+00
+868.5000E-06,-1.6862361E-03,+1.8052630320E+00
+869.0000E-06,-1.5671767E-03,+1.8016227776E+00
+869.5000E-06,-1.2247118E-03,+1.8015833942E+00
+870.0000E-06,-100.4728E-06,+1.7997204384E+00
+870.5000E-06,-3.9791443E-03,+1.7995329661E+00
+871.0000E-06,-599.6977E-06,+1.7961169239E+00
+871.5000E-06,-6.2498374E-03,+1.7968078543E+00
+872.0000E-06,-1.5072610E-03,+1.7957882532E+00
+872.5000E-06,+2.8551500E-03,+1.7985852416E+00
+873.0000E-06,-9.5257099E-03,+1.8004276153E+00
+873.5000E-06,-1.3060707E-03,+1.8015833942E+00
+874.0000E-06,-2.8926059E-03,+1.8063958516E+00
+874.5000E-06,-14.5722787E-03,+1.7913535530E+00
+875.0000E-06,-6.1899217E-03,+1.8074105207E+00
+875.5000E-06,+3.0563402E-03,+1.8190056459E+00
+876.0000E-06,-1.2247118E-03,+1.8169645741E+00
+876.5000E-06,-6.2498374E-03,+1.8147640989E+00
+877.0000E-06,-2.5116686E-03,+1.8118374041E+00
+877.5000E-06,-5.1847422E-03,+1.8191305090E+00
+878.0000E-06,-963.6058E-06,+1.8102817630E+00
+878.5000E-06,+2.7146472E-03,+1.8069716939E+00
+879.0000E-06,+122.1607E-06,+1.8018931749E+00
+879.5000E-06,+1.6495521E-03,+1.8000970750E+00
+880.0000E-06,-1.2247118E-03,+1.8005293416E+00
+880.5000E-06,-2.4909972E-03,+1.7999999505E+00
+881.0000E-06,-1.2247118E-03,+1.7985344548E+00
+881.5000E-06,-1.2247118E-03,+1.7953051997E+00
+882.0000E-06,-1.2247118E-03,+1.7970111543E+00
+882.5000E-06,+724.9597E-06,+1.7989181592E+00
+883.0000E-06,+1.0467531E-03,+1.8007442863E+00
+883.5000E-06,-6.2498374E-03,+1.8017521539E+00
+884.0000E-06,-1.2247118E-03,+1.8089433550E+00
+884.5000E-06,-6.3903401E-03,+1.7952389763E+00
+885.0000E-06,+2.8559218E-03,+1.8100386995E+00
+885.5000E-06,+3.8004138E-03,+1.8196737056E+00
+886.0000E-06,-3.8569974E-03,+1.8189200774E+00
+886.5000E-06,+3.8004138E-03,+1.8135293755E+00
+887.0000E-06,-1.2247118E-03,+1.8124638557E+00
+887.5000E-06,-1.2853993E-03,+1.8189061193E+00
+888.0000E-06,-5.5065357E-03,+1.8109151049E+00
+888.5000E-06,+705.8320E-06,+1.8046507798E+00
+889.0000E-06,+1.1265683E-03,+1.8007351075E+00
+889.5000E-06,-3.0945680E-03,+1.8010055047E+00
+890.0000E-06,+4.8662808E-03,+1.8008829300E+00
+890.5000E-06,-5.7260818E-03,+1.7981762894E+00
+891.0000E-06,-682.6004E-06,+1.7972096499E+00
+891.5000E-06,-2.5708124E-03,+1.7952266103E+00
+892.0000E-06,+3.8004138E-03,+1.7977049056E+00
+892.5000E-06,+2.9173812E-03,+1.7979794359E+00
+893.0000E-06,+42.3455E-06,+1.8011512163E+00
+893.5000E-06,+3.8004138E-03,+1.8017431527E+00
+894.0000E-06,-5.9089162E-03,+1.8055502084E+00
+894.5000E-06,+365.6827E-06,+1.7935077933E+00
+895.0000E-06,-1.2247118E-03,+1.8107944636E+00
+895.5000E-06,+1.0475250E-03,+1.8194426919E+00
+896.0000E-06,+2.3321662E-03,+1.8189200774E+00
+896.5000E-06,-5.5855790E-03,+1.8135662930E+00
+897.0000E-06,-6.1101065E-03,+1.8136869343E+00
+897.5000E-06,+11.0195047E-03,+1.8191371330E+00
+898.0000E-06,+3.8004138E-03,+1.8104527224E+00
+898.5000E-06,-1.2247118E-03,+1.8062155109E+00
+899.0000E-06,-1.2247118E-03,+1.8021612836E+00
+899.5000E-06,+3.8004138E-03,+1.8010055047E+00
+900.0000E-06,+3.7389544E-03,+1.8010055047E+00
+900.5000E-06,-1.9672416E-03,+1.7992718364E+00
+901.0000E-06,-1.2247118E-03,+1.7963380488E+00
+901.5000E-06,-3.5752200E-03,+1.7963451167E+00
+902.0000E-06,-4.3792093E-03,+1.7957370225E+00
+902.5000E-06,-6.2498374E-03,+1.7980288220E+00
+903.0000E-06,-962.0621E-06,+1.7994228600E+00
+903.5000E-06,-683.3722E-06,+1.8020990296E+00
