x-axis,1,4
second,Volt,Volt
-12.0000E-06,,
-11.7500E-06,,
-11.5000E-06,-27.5753923E-03,+451.5829124E-03
-11.2500E-06,-11.2437342E-03,+451.5829124E-03
-11.0000E-06,-21.2939853E-03,+451.5829124E-03
-10.7500E-06,-27.5753923E-03,+450.8291435E-03
-10.5000E-06,-27.5753923E-03,+443.5427114E-03
-10.2500E-06,-3.7060458E-03,+432.4874352E-03
-10.0000E-06,-15.0125783E-03,+442.2864300E-03
-9.7500E-06,-27.5753923E-03,+450.8291435E-03
-9.5000E-06,-13.7562969E-03,+443.5427114E-03
-9.2500E-06,-27.5753923E-03,+446.8090431E-03
-9.0000E-06,-21.2939853E-03,+444.7989928E-03
-8.7500E-06,+8.8567681E-03,+451.5829124E-03
-8.5000E-06,-27.5753923E-03,+451.5829124E-03
-8.2500E-06,-11.2437342E-03,+443.5427114E-03
-8.0000E-06,-27.5753923E-03,+451.5829124E-03
-7.7500E-06,+8.8567681E-03,+451.5829124E-03
-7.5000E-06,-27.5753923E-03,+451.5829124E-03
-7.2500E-06,-11.2437342E-03,+448.3165807E-03
-7.0000E-06,-27.5753923E-03,+451.5829124E-03
-6.7500E-06,-27.5753923E-03,+451.5829124E-03
-6.5000E-06,-27.5753923E-03,+448.8190933E-03
-6.2500E-06,-11.2437342E-03,+446.8090431E-03
-6.0000E-06,-21.2939853E-03,+444.7989928E-03
-5.7500E-06,-23.8065481E-03,+452.3366812E-03
-5.5000E-06,-1.1934830E-03,+459.6231133E-03
-5.2500E-06,-27.5753923E-03,+451.5829124E-03
-5.0000E-06,-21.2939853E-03,+451.5829124E-03
-4.7500E-06,-27.5753923E-03,+444.2964803E-03
-4.5000E-06,-1.1934830E-03,+451.5829124E-03
-4.2500E-06,-11.2437342E-03,+451.5829124E-03
-4.0000E-06,-21.2939853E-03,+450.3266310E-03
-3.7500E-06,-64.0075527E-03,+426.7085408E-03
-3.5000E-06,+12.6256123E-03,+443.5427114E-03
-3.2500E-06,+12.6256123E-03,+451.5829124E-03
-3.0000E-06,+12.6256123E-03,+451.5829124E-03
-2.7500E-06,+8.8567681E-03,+451.5829124E-03
-2.5000E-06,-1.1934830E-03,+451.5829124E-03
-2.2500E-06,-11.2437342E-03,+448.3165807E-03
-2.0000E-06,-61.4949899E-03,+444.7989928E-03
-1.7500E-06,+8.8567681E-03,+451.5829124E-03
-1.5000E-06,-1.1934830E-03,+451.5829124E-03
-1.2500E-06,-11.2437342E-03,+451.5829124E-03
-1.0000E-06,-21.2939853E-03,+450.3266310E-03
-750.0E-09,+8.8567681E-03,+451.5829124E-03
-500.0E-09,-1.1934830E-03,+451.5829124E-03
-250.0E-09,-11.2437342E-03,+451.5829124E-03
-0.0E+00,+12.6256123E-03,+451.5829124E-03
+250.0E-09,+5.0050878704E+00,+450.8291435E-03
+500.0E-09,+5.0251883727E+00,+459.6231133E-03
+750.0E-09,+5.0616205331E+00,+454.8492440E-03
+1.0000E-06,+4.9297109868E+00,+451.5829124E-03
+1.2500E-06,+4.9322235496E+00,+451.5829124E-03
+1.5000E-06,+4.9724245542E+00,+451.5829124E-03
+1.7500E-06,+5.0214195285E+00,+451.5829124E-03
+2.0000E-06,+4.9849873681E+00,+450.3266310E-03
+2.2500E-06,+4.9284547054E+00,+451.5829124E-03
+2.5000E-06,+4.9988064634E+00,+398.0653250E-03
+2.7500E-06,+4.9661431472E+00,+443.5427114E-03
+3.0000E-06,+4.9234295798E+00,+451.5829124E-03
+3.2500E-06,+4.9322235496E+00,+451.5829124E-03
+3.5000E-06,+4.9309672682E+00,+451.5829124E-03
+3.7500E-06,+4.9096104845E+00,+451.5829124E-03
+4.0000E-06,+4.8832285752E+00,+444.7989928E-03
+4.2500E-06,+4.8957913892E+00,+451.5829124E-03
+4.5000E-06,+4.8907662636E+00,+446.3065305E-03
+4.7500E-06,+4.9498114891E+00,+459.6231133E-03
+5.0000E-06,+4.9636305844E+00,+459.6231133E-03
+5.2500E-06,+4.8957913892E+00,+458.8693444E-03
+5.5000E-06,+4.9171481729E+00,+451.5829124E-03
+5.7500E-06,+4.9096104845E+00,+456.3567817E-03
+6.0000E-06,+4.8957913892E+00,+451.5829124E-03
+6.2500E-06,+4.9133793287E+00,+452.3366812E-03
+6.5000E-06,+4.9988064634E+00,+459.6231133E-03
+6.7500E-06,+4.9259421426E+00,+459.6231133E-03
+7.0000E-06,+4.9297109868E+00,+459.6231133E-03
+7.2500E-06,+5.0050878704E+00,+459.6231133E-03
+7.5000E-06,+4.9447863635E+00,+462.3869323E-03
+7.7500E-06,+4.9334798310E+00,+459.6231133E-03
+8.0000E-06,+4.9297109868E+00,+467.6633142E-03
+8.2500E-06,+4.9937813379E+00,+468.4170830E-03
+8.5000E-06,+4.9837310867E+00,+475.7035151E-03
+8.7500E-06,+4.8857411380E+00,+442.0351738E-03
+9.0000E-06,+4.9573491774E+00,+475.7035151E-03
+9.2500E-06,+4.9937813379E+00,+483.7437160E-03
+9.5000E-06,+4.9435300821E+00,+483.7437160E-03
+9.7500E-06,+4.9259421426E+00,+491.7839170E-03
+10.0000E-06,+4.9975501820E+00,+493.0401983E-03
+10.2500E-06,+4.9573491774E+00,+499.8241179E-03
+10.5000E-06,+4.9699119914E+00,+499.8241179E-03
+10.7500E-06,+4.9736808356E+00,+503.0904495E-03
+11.0000E-06,+4.9975501820E+00,+515.9045197E-03
+11.2500E-06,+4.9209170170E+00,+515.9045197E-03
+11.5000E-06,+4.9573491774E+00,+515.9045197E-03
+11.7500E-06,+4.9259421426E+00,+515.9045197E-03
+12.0000E-06,+4.9975501820E+00,+517.1608011E-03
+12.2500E-06,+4.9862436495E+00,+523.9447206E-03
+12.5000E-06,+4.9560928961E+00,+526.7085397E-03
+12.7500E-06,+4.9736808356E+00,+531.9849215E-03
+13.0000E-06,+4.9975501820E+00,+540.0251225E-03
+13.2500E-06,+4.9937813379E+00,+540.0251225E-03
+13.5000E-06,+4.9837310867E+00,+540.0251225E-03
+13.7500E-06,+4.9975501820E+00,+540.0251225E-03
+14.0000E-06,+4.9297109868E+00,+549.3216048E-03
+14.2500E-06,+4.9937813379E+00,+556.1055243E-03
+14.5000E-06,+4.9837310867E+00,+556.1055243E-03
+14.7500E-06,+4.9975501820E+00,+567.4120568E-03
+15.0000E-06,+5.0038315890E+00,+572.1859261E-03
+15.2500E-06,+5.0704145029E+00,+556.1055243E-03
+15.5000E-06,+4.9837310867E+00,+582.9899461E-03
+15.7500E-06,+4.9498114891E+00,+588.2663280E-03
+16.0000E-06,+4.9975501820E+00,+589.5226094E-03
+16.2500E-06,+4.9900124937E+00,+597.0602977E-03
+16.5000E-06,+4.9975501820E+00,+604.3467298E-03
+16.7500E-06,+5.0138818402E+00,+612.3869307E-03
+17.0000E-06,+5.0038315890E+00,+612.3869307E-03
+17.2500E-06,+4.9862436495E+00,+620.4271317E-03
+17.5000E-06,+4.9975501820E+00,+633.7437144E-03
+17.7500E-06,+4.9334798310E+00,+628.4673326E-03
+18.0000E-06,+5.0038315890E+00,+629.7236140E-03
+18.2500E-06,+4.9975501820E+00,+637.2613023E-03
+18.5000E-06,+4.9837310867E+00,+644.5477344E-03
+18.7500E-06,+5.0138818402E+00,+644.5477344E-03
+19.0000E-06,+5.0314697797E+00,+652.5879353E-03
+19.2500E-06,+4.9975501820E+00,+660.6281362E-03
+19.5000E-06,+5.0239320913E+00,+660.6281362E-03
+19.7500E-06,+5.0138818402E+00,+668.6683372E-03
+20.0000E-06,+5.0038315890E+00,+676.7085381E-03
+20.2500E-06,+4.9862436495E+00,+676.7085381E-03
+20.5000E-06,+4.9975501820E+00,+684.7487390E-03
+20.7500E-06,+5.0138818402E+00,+689.5226083E-03
+21.0000E-06,+5.0101129960E+00,+699.5728594E-03
+21.2500E-06,+5.0339823425E+00,+708.8693418E-03
+21.5000E-06,+4.8769471683E+00,+698.0653218E-03
+21.7500E-06,+4.9975501820E+00,+708.8693418E-03
+22.0000E-06,+5.0440325936E+00,+723.6934622E-03
+22.2500E-06,+5.0339823425E+00,+732.9899445E-03
+22.5000E-06,+5.0239320913E+00,+741.0301454E-03
+22.7500E-06,+4.9975501820E+00,+749.0703464E-03
+23.0000E-06,+5.0377511866E+00,+755.8542659E-03
+23.2500E-06,+5.0264446541E+00,+757.1105473E-03
+23.5000E-06,+5.0239320913E+00,+765.1507482E-03
+23.7500E-06,+5.0302134983E+00,+781.2311500E-03
+24.0000E-06,+5.0377511866E+00,+781.2311500E-03
+24.2500E-06,+4.9975501820E+00,+788.5175821E-03
+24.5000E-06,+5.0503140006E+00,+789.2713510E-03
+24.7500E-06,+5.0302134983E+00,+797.3115519E-03
+25.0000E-06,+5.0038315890E+00,+804.0954714E-03
+25.2500E-06,+5.0339823425E+00,+805.3517528E-03
+25.5000E-06,+5.0239320913E+00,+813.3919537E-03
+25.7500E-06,+5.0138818402E+00,+821.4321546E-03
+26.0000E-06,+5.0377511866E+00,+821.4321546E-03
+26.2500E-06,+4.9975501820E+00,+830.2261244E-03
+26.5000E-06,+5.0239320913E+00,+837.5125565E-03
+26.7500E-06,+5.0302134983E+00,+845.5527574E-03
+27.0000E-06,+5.0038315890E+00,+853.5929583E-03
+27.2500E-06,+5.0704145029E+00,+854.3467271E-03
+27.5000E-06,+5.0239320913E+00,+869.6733601E-03
+27.7500E-06,+5.0779521912E+00,+794.0452202E-03
+28.0000E-06,+5.0377511866E+00,+876.4572797E-03
+28.2500E-06,+5.0339823425E+00,+893.7939629E-03
+28.5000E-06,+5.0503140006E+00,+901.8341638E-03
+28.7500E-06,+5.0302134983E+00,+909.8743647E-03
+29.0000E-06,+5.0101129960E+00,+909.8743647E-03
+29.2500E-06,+5.0339823425E+00,+917.9145657E-03
+29.5000E-06,+5.0641330959E+00,+920.6783847E-03
+29.7500E-06,+5.0377511866E+00,+930.7286359E-03
+30.0000E-06,+5.0377511866E+00,+950.0753693E-03
+30.2500E-06,+5.0339823425E+00,+950.0753693E-03
+30.5000E-06,+5.0113692774E+00,+952.8391884E-03
+30.7500E-06,+5.0050878704E+00,+958.1155702E-03
+31.0000E-06,+5.0251883727E+00,+966.1557712E-03
+31.2500E-06,+5.0704145029E+00,+966.9095400E-03
+31.5000E-06,+5.0377511866E+00,+974.1959721E-03
+31.7500E-06,+5.0540828448E+00,+982.2361730E-03
+32.0000E-06,+5.0314697797E+00,+990.2763739E-03
+32.2500E-06,+5.0704145029E+00,+998.3165748E-03
+32.5000E-06,+4.9849873681E+00,+1.0010803939E+00
+32.7500E-06,+4.9975501820E+00,+1.0063567758E+00
+33.0000E-06,+5.0653893773E+00,+1.0156532581E+00
+33.2500E-06,+5.0377511866E+00,+1.0231909464E+00
+33.5000E-06,+5.0377511866E+00,+1.0304773785E+00
+33.7500E-06,+5.0377511866E+00,+1.0465577804E+00
+34.0000E-06,+5.0716707843E+00,+1.0211808962E+00
+34.2500E-06,+4.9900124937E+00,+1.0545979813E+00
+34.5000E-06,+5.0377511866E+00,+1.0573618003E+00
+34.7500E-06,+5.0377511866E+00,+1.0706783831E+00
+35.0000E-06,+5.0653893773E+00,+1.0787185840E+00
+35.2500E-06,+5.0377511866E+00,+1.0875125538E+00
+35.5000E-06,+5.0377511866E+00,+1.0947989859E+00
+35.7500E-06,+5.0289572169E+00,+1.0995728552E+00
+36.0000E-06,+5.0251883727E+00,+1.1040954682E+00
+36.2500E-06,+4.9686557100E+00,+1.1196733575E+00
+36.5000E-06,+5.0515702820E+00,+1.1322361714E+00
+36.7500E-06,+5.0214195285E+00,+1.1317336588E+00
+37.0000E-06,+5.0189069657E+00,+1.1349999905E+00
+37.2500E-06,+5.0339823425E+00,+1.1430401914E+00
+37.5000E-06,+5.0113692774E+00,+1.1430401914E+00
+37.7500E-06,+5.0050878704E+00,+1.1543467239E+00
+38.0000E-06,+5.0591079703E+00,+1.1591205932E+00
+38.2500E-06,+5.0050878704E+00,+1.1664070253E+00
+38.5000E-06,+5.0113692774E+00,+1.1752009951E+00
+38.7500E-06,+4.9887562123E+00,+1.1784673267E+00
+39.0000E-06,+5.0528265634E+00,+1.1752009951E+00
+39.2500E-06,+4.9322235496E+00,+1.1912813969E+00
+39.5000E-06,+4.9586054588E+00,+1.1993215978E+00
+39.7500E-06,+4.9887562123E+00,+1.2073617987E+00
+40.0000E-06,+5.0314697797E+00,+1.2154019997E+00
+40.2500E-06,+4.9611180216E+00,+1.2154019997E+00
+40.5000E-06,+5.1055903819E+00,+1.1887688341E+00
+40.7500E-06,+4.9573491774E+00,+1.2282160699E+00
+41.0000E-06,+4.8769471683E+00,+1.2475628033E+00
+41.2500E-06,+5.0013190262E+00,+1.2556030042E+00
+41.5000E-06,+4.9586054588E+00,+1.2608793861E+00
+41.7500E-06,+5.0289572169E+00,+1.2636432052E+00
+42.0000E-06,+5.0314697797E+00,+1.2704271247E+00
+42.2500E-06,+5.0050878704E+00,+1.2789698382E+00
+42.5000E-06,+4.9184044542E+00,+1.2877638079E+00
+42.7500E-06,+4.9648868658E+00,+1.3038442098E+00
+43.0000E-06,+4.9975501820E+00,+1.3038442098E+00
+43.2500E-06,+4.9284547054E+00,+1.3038442098E+00
+43.5000E-06,+4.9447863635E+00,+1.3091205916E+00
+43.7500E-06,+4.9724245542E+00,+1.3118844107E+00
+44.0000E-06,+4.9975501820E+00,+1.3199246116E+00
+44.2500E-06,+4.9284547054E+00,+1.3279648125E+00
+44.5000E-06,+4.9849873681E+00,+1.3360050134E+00
+44.7500E-06,+4.9334798310E+00,+1.3407788827E+00
+45.0000E-06,+4.9849873681E+00,+1.3372612948E+00
+45.2500E-06,+4.9322235496E+00,+1.3520854153E+00
+45.5000E-06,+4.9849873681E+00,+1.3493215962E+00
+45.7500E-06,+4.9736808356E+00,+1.3633919478E+00
+46.0000E-06,+4.9975501820E+00,+1.3681658171E+00
+46.2500E-06,+4.8920225450E+00,+1.3762060180E+00
+46.5000E-06,+4.9171481729E+00,+1.3789698371E+00
+46.7500E-06,+4.9498114891E+00,+1.3648994855E+00
+47.0000E-06,+4.8895099822E+00,+1.3922864199E+00
+47.2500E-06,+4.9322235496E+00,+1.4003266208E+00
+47.5000E-06,+5.0239320913E+00,+1.4164070226E+00
+47.7500E-06,+4.9736808356E+00,+1.4211808919E+00
+48.0000E-06,+4.9297109868E+00,+1.4312311431E+00
+48.2500E-06,+4.9648868658E+00,+1.4317336556E+00
+48.5000E-06,+4.9699119914E+00,+1.4324874245E+00
+48.7500E-06,+4.9498114891E+00,+1.4405276254E+00
+49.0000E-06,+4.9297109868E+00,+1.4646482281E+00
+49.2500E-06,+5.0013190262E+00,+1.4566080272E+00
+49.5000E-06,+4.9560928961E+00,+1.4593718463E+00
+49.7500E-06,+4.9736808356E+00,+1.4646482281E+00
+50.0000E-06,+4.9297109868E+00,+1.4646482281E+00
+50.2500E-06,+4.9535803333E+00,+1.4726884291E+00
+50.5000E-06,+4.9435300821E+00,+1.4807286300E+00
+50.7500E-06,+4.9736808356E+00,+1.4855024993E+00
+51.0000E-06,+4.9297109868E+00,+1.4887688309E+00
+51.2500E-06,+4.9975501820E+00,+1.4895225997E+00
+51.5000E-06,+4.9837310867E+00,+1.4968090318E+00
+51.7500E-06,+4.9975501820E+00,+1.5048492327E+00
+52.0000E-06,+4.9636305844E+00,+1.5061055141E+00
+52.2500E-06,+4.9975501820E+00,+1.5128894337E+00
+52.5000E-06,+4.9699119914E+00,+1.5209296346E+00
+52.7500E-06,+4.9498114891E+00,+1.5257035039E+00
+53.0000E-06,+4.8367461637E+00,+1.4498241077E+00
+53.2500E-06,+5.0302134983E+00,+1.5209296346E+00
+53.5000E-06,+4.9975501820E+00,+1.5450502373E+00
+53.7500E-06,+4.9259421426E+00,+1.5530904382E+00
+54.0000E-06,+5.0038315890E+00,+1.5543467196E+00
+54.2500E-06,+4.9900124937E+00,+1.5611306392E+00
+54.5000E-06,+4.9837310867E+00,+1.5691708401E+00
+54.7500E-06,+4.9498114891E+00,+1.5691708401E+00
+55.0000E-06,+5.0038315890E+00,+1.5759547596E+00
+55.2500E-06,+4.9900124937E+00,+1.6093718447E+00
+55.5000E-06,+4.9975501820E+00,+1.5932914428E+00
+55.7500E-06,+4.9975501820E+00,+1.5932914428E+00
+56.0000E-06,+4.9975501820E+00,+1.5932914428E+00
+56.2500E-06,+4.9937813379E+00,+1.6013316438E+00
+56.5000E-06,+4.9975501820E+00,+1.6040954628E+00
+56.7500E-06,+4.9900124937E+00,+1.6045979754E+00
+57.0000E-06,+5.0101129960E+00,+1.6093718447E+00
+57.2500E-06,+4.9937813379E+00,+1.6093718447E+00
+57.5000E-06,+4.9975501820E+00,+1.6174120456E+00
+57.7500E-06,+5.0138818402E+00,+1.6174120456E+00
+58.0000E-06,+4.9975501820E+00,+1.6254522465E+00
+58.2500E-06,+5.0339823425E+00,+1.6254522465E+00
+58.5000E-06,+5.0101129960E+00,+1.6334924474E+00
+58.7500E-06,+4.9736808356E+00,+1.6334924474E+00
+59.0000E-06,+5.0038315890E+00,+1.6402763670E+00
+59.2500E-06,+5.0704145029E+00,+1.6005778749E+00
+59.5000E-06,+5.0101129960E+00,+1.6495728493E+00
+59.7500E-06,+4.9812185239E+00,+1.6495728493E+00
+60.0000E-06,+5.0440325936E+00,+1.6576130502E+00
+60.2500E-06,+5.0339823425E+00,+1.6656532511E+00
+60.5000E-06,+4.9962939007E+00,+1.6684170702E+00
+60.7500E-06,+4.9975501820E+00,+1.6689195827E+00
+61.0000E-06,+5.0440325936E+00,+1.6736934520E+00
+61.2500E-06,+5.0339823425E+00,+1.6809798841E+00
+61.5000E-06,+4.9975501820E+00,+1.6844974720E+00
+61.7500E-06,+5.0302134983E+00,+1.6897738539E+00
+62.0000E-06,+5.0038315890E+00,+1.6897738539E+00
+62.2500E-06,+5.0339823425E+00,+1.6897738539E+00
+62.5000E-06,+5.0239320913E+00,+1.6950502357E+00
+62.7500E-06,+5.0704145029E+00,+1.6897738539E+00
+63.0000E-06,+5.0101129960E+00,+1.6978140548E+00
+63.2500E-06,+5.0741833471E+00,+1.6978140548E+00
+63.5000E-06,+5.0377511866E+00,+1.6978140548E+00
+63.7500E-06,+5.0377511866E+00,+1.7058542557E+00
+64.0000E-06,+5.0503140006E+00,+1.7058542557E+00
+64.2500E-06,+4.9975501820E+00,+1.7058542557E+00
+64.5000E-06,+5.0503140006E+00,+1.7086180748E+00
+64.7500E-06,+5.0302134983E+00,+1.7138944566E+00
+65.0000E-06,+5.0377511866E+00,+1.7138944566E+00
+65.2500E-06,+5.0339823425E+00,+1.7219346575E+00
+65.5000E-06,+5.0377511866E+00,+1.7219346575E+00
+65.7500E-06,+4.9975501820E+00,+1.6849999846E+00
+66.0000E-06,+5.0503140006E+00,+1.7206783762E+00
+66.2500E-06,+5.0741833471E+00,+1.7380150594E+00
+66.5000E-06,+5.0905150052E+00,+1.7380150594E+00
+66.7500E-06,+5.0302134983E+00,+1.7412813910E+00
+67.0000E-06,+5.0314697797E+00,+1.7460552603E+00
+67.2500E-06,+5.0339823425E+00,+1.7460552603E+00
+67.5000E-06,+5.0641330959E+00,+1.7407788784E+00
+67.7500E-06,+5.0540828448E+00,+1.7460552603E+00
+68.0000E-06,+5.0038315890E+00,+1.7608793807E+00
+68.2500E-06,+5.0704145029E+00,+1.7540954612E+00
+68.5000E-06,+5.0503140006E+00,+1.7540954612E+00
+68.7500E-06,+5.0540828448E+00,+1.7540954612E+00
+69.0000E-06,+5.0779521912E+00,+1.7540954612E+00
+69.2500E-06,+5.0339823425E+00,+1.7540954612E+00
+69.5000E-06,+5.0503140006E+00,+1.7568592803E+00
+69.7500E-06,+5.0540828448E+00,+1.7621356621E+00
+70.0000E-06,+5.0779521912E+00,+1.7540954612E+00
+70.2500E-06,+5.0741833471E+00,+1.7613818933E+00
+70.5000E-06,+5.0503140006E+00,+1.7568592803E+00
+70.7500E-06,+5.0138818402E+00,+1.7669095314E+00
+71.0000E-06,+5.0716707843E+00,+1.7621356621E+00
+71.2500E-06,+5.0741833471E+00,+1.7621356621E+00
+71.5000E-06,+5.0113692774E+00,+1.7621356621E+00
+71.7500E-06,+5.0540828448E+00,+1.7701758631E+00
+72.0000E-06,+5.1244346028E+00,+1.7274622957E+00
+72.2500E-06,+5.0704145029E+00,+1.7628894310E+00
+72.5000E-06,+5.0641330959E+00,+1.7782160640E+00
+72.7500E-06,+5.0779521912E+00,+1.7734421947E+00
+73.0000E-06,+5.0465451564E+00,+1.7782160640E+00
+73.2500E-06,+5.0741833471E+00,+1.7782160640E+00
+73.5000E-06,+5.0641330959E+00,+1.7782160640E+00
+73.7500E-06,+5.0126255588E+00,+1.7749497324E+00
+74.0000E-06,+5.0591079703E+00,+1.7782160640E+00
+74.2500E-06,+5.0377511866E+00,+1.7862562649E+00
+74.5000E-06,+4.9988064634E+00,+1.7862562649E+00
+74.7500E-06,+5.0214195285E+00,+1.7782160640E+00
+75.0000E-06,+5.0465451564E+00,+1.7782160640E+00
+75.2500E-06,+5.0741833471E+00,+1.7782160640E+00
+75.5000E-06,+5.0377511866E+00,+1.7782160640E+00
+75.7500E-06,+5.0126255588E+00,+1.7782160640E+00
+76.0000E-06,+5.0528265634E+00,+1.7714321445E+00
+76.2500E-06,+5.0704145029E+00,+1.7782160640E+00
+76.5000E-06,+5.0251883727E+00,+1.7782160640E+00
+76.7500E-06,+5.0050878704E+00,+1.7782160640E+00
+77.0000E-06,+5.0465451564E+00,+1.7701758631E+00
+77.2500E-06,+5.0779521912E+00,+1.7709296319E+00
+77.5000E-06,+4.9988064634E+00,+1.7754522449E+00
+77.7500E-06,+4.9962939007E+00,+1.7782160640E+00
+78.0000E-06,+5.0189069657E+00,+1.7782160640E+00
+78.2500E-06,+4.8769471683E+00,+1.7284673208E+00
+78.5000E-06,+4.9586054588E+00,+1.7568592803E+00
+78.7500E-06,+5.0364949053E+00,+1.7782160640E+00
+79.0000E-06,+5.0251883727E+00,+1.7782160640E+00
+79.2500E-06,+5.0013190262E+00,+1.7782160640E+00
+79.5000E-06,+5.0251883727E+00,+1.7782160640E+00
+79.7500E-06,+5.0126255588E+00,+1.7782160640E+00
+80.0000E-06,+5.0528265634E+00,+1.7782160640E+00
+80.2500E-06,+4.9284547054E+00,+1.7782160640E+00
+80.5000E-06,+4.9988064634E+00,+1.7862562649E+00
+80.7500E-06,+4.9962939007E+00,+1.7862562649E+00
+81.0000E-06,+4.9849873681E+00,+1.7714321445E+00
+81.2500E-06,+4.9322235496E+00,+1.7782160640E+00
+81.5000E-06,+4.9184044543E+00,+1.7701758631E+00
+81.7500E-06,+5.0289572169E+00,+1.7701758631E+00
+82.0000E-06,+4.8957913892E+00,+1.7701758631E+00
+82.2500E-06,+4.9284547054E+00,+1.7694220942E+00
+82.5000E-06,+4.9724245542E+00,+1.7701758631E+00
+82.7500E-06,+4.9724245542E+00,+1.7701758631E+00
+83.0000E-06,+4.9573491774E+00,+1.7621356621E+00
+83.2500E-06,+4.9648868658E+00,+1.7621356621E+00
+83.5000E-06,+4.9322235496E+00,+1.7621356621E+00
+83.7500E-06,+4.9171481729E+00,+1.7621356621E+00
+84.0000E-06,+5.0126255588E+00,+1.7621356621E+00
+84.2500E-06,+4.9322235496E+00,+1.7621356621E+00
+84.5000E-06,+5.0126255588E+00,+1.7621356621E+00
+84.7500E-06,+5.0063441518E+00,+1.7508291296E+00
+85.0000E-06,+4.9636305844E+00,+1.7621356621E+00
+85.2500E-06,+4.9284547054E+00,+1.7621356621E+00
+85.5000E-06,+4.9724245542E+00,+1.7621356621E+00
+85.7500E-06,+5.0214195285E+00,+1.7573617928E+00
+86.0000E-06,+4.9975501820E+00,+1.7608793807E+00
+86.2500E-06,+4.8957913892E+00,+1.7540954612E+00
+86.5000E-06,+4.9573491774E+00,+1.7540954612E+00
+86.7500E-06,+4.9171481729E+00,+1.7588693305E+00
+87.0000E-06,+4.8957913892E+00,+1.7540954612E+00
+87.2500E-06,+4.8957913892E+00,+1.7540954612E+00
+87.5000E-06,+5.0113692774E+00,+1.7513316422E+00
+87.7500E-06,+4.9975501820E+00,+1.7460552603E+00
+88.0000E-06,+4.9636305844E+00,+1.7392713408E+00
+88.2500E-06,+4.9648868658E+00,+1.7460552603E+00
+88.5000E-06,+4.9699119914E+00,+1.7380150594E+00
+88.7500E-06,+4.9096104845E+00,+1.7380150594E+00
+89.0000E-06,+4.9297109868E+00,+1.7367587780E+00
+89.2500E-06,+4.9648868658E+00,+1.7299748585E+00
+89.5000E-06,+4.9435300821E+00,+1.7219346575E+00
+89.7500E-06,+4.9736808356E+00,+1.7299748585E+00
+90.0000E-06,+4.9297109868E+00,+1.7231909389E+00
+90.2500E-06,+4.9322235496E+00,+1.7219346575E+00
+90.5000E-06,+4.9699119914E+00,+1.7246984766E+00
+90.7500E-06,+4.9334798310E+00,+1.7219346575E+00
+91.0000E-06,+4.8153893800E+00,+1.6978140548E+00
+91.2500E-06,+4.8769471683E+00,+1.7131406878E+00
+91.5000E-06,+4.9975501820E+00,+1.7219346575E+00
+91.7500E-06,+4.9736808356E+00,+1.7219346575E+00
+92.0000E-06,+4.9975501820E+00,+1.7219346575E+00
+92.2500E-06,+4.9648868658E+00,+1.7146482255E+00
+92.5000E-06,+4.9699119914E+00,+1.7138944566E+00
+92.7500E-06,+4.9498114891E+00,+1.7138944566E+00
+93.0000E-06,+4.8957913892E+00,+1.7138944566E+00
+93.2500E-06,+4.9133793287E+00,+1.7138944566E+00
+93.5000E-06,+4.9699119914E+00,+1.7111306376E+00
+93.7500E-06,+4.9736808356E+00,+1.7058542557E+00
+94.0000E-06,+4.9020727961E+00,+1.7058542557E+00
+94.2500E-06,+4.9900124937E+00,+1.6978140548E+00
+94.5000E-06,+4.9560928960E+00,+1.6950502357E+00
+94.7500E-06,+4.9498114891E+00,+1.6897738539E+00
+95.0000E-06,+4.8957913892E+00,+1.6910301353E+00
+95.2500E-06,+4.9862436495E+00,+1.6824874218E+00
+95.5000E-06,+4.9573491774E+00,+1.6870100348E+00
+95.7500E-06,+4.9498114891E+00,+1.6817336529E+00
+96.0000E-06,+5.0038315890E+00,+1.6749497334E+00
+96.2500E-06,+4.9900124937E+00,+1.6736934520E+00
+96.5000E-06,+4.9837310867E+00,+1.6764572711E+00
+96.7500E-06,+4.9900124937E+00,+1.6736934520E+00
+97.0000E-06,+4.9699119914E+00,+1.6724371706E+00
+97.2500E-06,+5.0741833470E+00,+1.6020854126E+00
+97.5000E-06,+5.0377511866E+00,+1.6656532511E+00
+97.7500E-06,+4.9975501820E+00,+1.6736934520E+00
+98.0000E-06,+5.0038315890E+00,+1.6669095325E+00
+98.2500E-06,+4.9900124937E+00,+1.6656532511E+00
+98.5000E-06,+4.9560928960E+00,+1.6656532511E+00
+98.7500E-06,+4.9975501820E+00,+1.6608793818E+00
+99.0000E-06,+4.9975501820E+00,+1.6576130502E+00
+99.2500E-06,+4.9900124937E+00,+1.6576130502E+00
+99.5000E-06,+4.9560928960E+00,+1.6576130502E+00
+99.7500E-06,+5.0377511866E+00,+1.6528391809E+00
+100.0000E-06,+5.0038315890E+00,+1.6495728493E+00
+100.2500E-06,+4.9975501820E+00,+1.6422864172E+00
+100.5000E-06,+4.9837310867E+00,+1.6415326484E+00
+100.7500E-06,+5.0138818402E+00,+1.6367587791E+00
+101.0000E-06,+5.0440325936E+00,+1.6334924474E+00
+101.2500E-06,+4.9900124937E+00,+1.6334924474E+00
+101.5000E-06,+4.9837310867E+00,+1.6254522465E+00
+101.7500E-06,+4.9975501820E+00,+1.6254522465E+00
+102.0000E-06,+4.9975501820E+00,+1.6254522465E+00
+102.2500E-06,+4.9975501820E+00,+1.6246984777E+00
+102.5000E-06,+4.9975501820E+00,+1.6174120456E+00
+102.7500E-06,+5.0377511866E+00,+1.6174120456E+00
+103.0000E-06,+4.9975501820E+00,+1.6174120456E+00
+103.2500E-06,+5.0302134983E+00,+1.6174120456E+00
+103.5000E-06,+5.0101129960E+00,+1.5877638047E+00
+103.7500E-06,+4.9736808356E+00,+1.6045979754E+00
+104.0000E-06,+4.9975501820E+00,+1.6081155633E+00
+104.2500E-06,+5.0339823425E+00,+1.6020854126E+00
+104.5000E-06,+5.0239320913E+00,+1.6066080256E+00
+104.7500E-06,+5.0377511866E+00,+1.6013316438E+00
+105.0000E-06,+5.0101129960E+00,+1.6013316438E+00
+105.2500E-06,+4.9975501820E+00,+1.6005778749E+00
+105.5000E-06,+5.0239320913E+00,+1.5932914428E+00
+105.7500E-06,+5.0138818402E+00,+1.6013316438E+00
+106.0000E-06,+5.0101129960E+00,+1.5932914428E+00
+106.2500E-06,+5.0339823425E+00,+1.5860050108E+00
+106.5000E-06,+5.0641330959E+00,+1.5852512419E+00
+106.7500E-06,+5.0302134983E+00,+1.5772110410E+00
+107.0000E-06,+5.0038315890E+00,+1.5772110410E+00
+107.2500E-06,+5.0339823425E+00,+1.5691708401E+00
+107.5000E-06,+5.0239320913E+00,+1.5691708401E+00
+107.7500E-06,+5.0302134983E+00,+1.5691708401E+00
+108.0000E-06,+5.0377511866E+00,+1.5611306392E+00
+108.2500E-06,+5.0704145029E+00,+1.5611306392E+00
+108.5000E-06,+5.0239320913E+00,+1.5583668201E+00
+108.7500E-06,+5.0138818402E+00,+1.5563567699E+00
+109.0000E-06,+5.0101129960E+00,+1.5530904382E+00
+109.2500E-06,+5.0704145029E+00,+1.5530904382E+00
+109.5000E-06,+5.0503140006E+00,+1.5530904382E+00
+109.7500E-06,+5.0540828448E+00,+1.5498241066E+00
+110.0000E-06,+5.0591079703E+00,+1.5196733532E+00
+110.2500E-06,+5.0377511866E+00,+1.5442964685E+00
+110.5000E-06,+5.0503140006E+00,+1.5450502373E+00
+110.7500E-06,+5.0214195285E+00,+1.5402763680E+00
+111.0000E-06,+5.0377511866E+00,+1.5370100364E+00
+111.2500E-06,+5.0741833470E+00,+1.5297236043E+00
+111.5000E-06,+5.0641330959E+00,+1.5370100364E+00
+111.7500E-06,+5.0377511866E+00,+1.5337437048E+00
+112.0000E-06,+5.0377511866E+00,+1.5357537550E+00
+112.2500E-06,+5.0704145029E+00,+1.5289698355E+00
+112.5000E-06,+5.0503140006E+00,+1.5289698355E+00
+112.7500E-06,+5.0138818402E+00,+1.5209296346E+00
+113.0000E-06,+5.0528265634E+00,+1.5141457150E+00
+113.2500E-06,+5.0704145029E+00,+1.5128894337E+00
+113.5000E-06,+5.0503140006E+00,+1.5076130518E+00
+113.7500E-06,+5.0050878704E+00,+1.5048492327E+00
+114.0000E-06,+5.0314697797E+00,+1.5048492327E+00
+114.2500E-06,+5.0704145029E+00,+1.4968090318E+00
+114.5000E-06,+5.0641330959E+00,+1.4995728509E+00
+114.7500E-06,+4.9975501820E+00,+1.4968090318E+00
+115.0000E-06,+5.0591079703E+00,+1.4887688309E+00
+115.2500E-06,+5.0377511866E+00,+1.4968090318E+00
+115.5000E-06,+5.0113692774E+00,+1.4887688309E+00
+115.7500E-06,+5.0452888750E+00,+1.4887688309E+00
+116.0000E-06,+5.0528265634E+00,+1.4887688309E+00
+116.2500E-06,+5.0339823425E+00,+1.4646482281E+00
+116.5000E-06,+4.9975501820E+00,+1.4726884291E+00
+116.7500E-06,+4.9887562123E+00,+1.4807286300E+00
+117.0000E-06,+5.0528265634E+00,+1.4739447104E+00
+117.2500E-06,+5.0704145029E+00,+1.4807286300E+00
+117.5000E-06,+5.0515702820E+00,+1.4726884291E+00
+117.7500E-06,+5.0138818402E+00,+1.4726884291E+00
+118.0000E-06,+5.0251883727E+00,+1.4726884291E+00
+118.2500E-06,+5.0741833470E+00,+1.4646482281E+00
+118.5000E-06,+4.9586054589E+00,+1.4726884291E+00
+118.7500E-06,+5.0616205331E+00,+1.4679145598E+00
+119.0000E-06,+5.0189069658E+00,+1.4646482281E+00
+119.2500E-06,+5.0779521912E+00,+1.4566080272E+00
+119.5000E-06,+5.0251883727E+00,+1.4566080272E+00
+119.7500E-06,+4.9887562123E+00,+1.4518341579E+00
+120.0000E-06,+5.0591079703E+00,+1.4417839068E+00
+120.2500E-06,+5.0050878704E+00,+1.4412813942E+00
+120.5000E-06,+5.0515702820E+00,+1.4458040072E+00
+120.7500E-06,+5.0289572169E+00,+1.4405276254E+00
+121.0000E-06,+5.0653893773E+00,+1.4324874245E+00
+121.2500E-06,+4.9322235496E+00,+1.4324874245E+00
+121.5000E-06,+4.9988064635E+00,+1.4324874245E+00
+121.7500E-06,+5.0126255588E+00,+1.4277135552E+00
+122.0000E-06,+5.0653893773E+00,+1.4244472235E+00
+122.2500E-06,+4.9284547054E+00,+1.4317336556E+00
+122.5000E-06,+4.8920225450E+00,+1.3520854153E+00
+122.7500E-06,+5.0050878704E+00,+1.4131406910E+00
+123.0000E-06,+5.0251883727E+00,+1.4244472235E+00
+123.2500E-06,+4.9648868658E+00,+1.4244472235E+00
+123.5000E-06,+5.0113692774E+00,+1.4244472235E+00
+123.7500E-06,+5.0126255588E+00,+1.4244472235E+00
+124.0000E-06,+4.9975501820E+00,+1.4164070226E+00
+124.2500E-06,+4.9322235496E+00,+1.4164070226E+00
+124.5000E-06,+4.9447863635E+00,+1.4136432036E+00
+124.7500E-06,+4.9246858612E+00,+1.4164070226E+00
+125.0000E-06,+4.9787059612E+00,+1.4164070226E+00
+125.2500E-06,+4.9284547054E+00,+1.4164070226E+00
+125.5000E-06,+4.9322235496E+00,+1.4083668217E+00
+125.7500E-06,+5.0050878704E+00,+1.4003266208E+00
+126.0000E-06,+4.9975501820E+00,+1.4003266208E+00
+126.2500E-06,+4.9246858612E+00,+1.3922864199E+00
+126.5000E-06,+5.0113692774E+00,+1.3922864199E+00
+126.7500E-06,+4.9498114891E+00,+1.3922864199E+00
+127.0000E-06,+5.0038315890E+00,+1.3855025003E+00
+127.2500E-06,+4.9648868658E+00,+1.3849999878E+00
+127.5000E-06,+4.8907662636E+00,+1.3842462189E+00
+127.7500E-06,+5.0214195285E+00,+1.3842462189E+00
+128.0000E-06,+4.9636305844E+00,+1.3762060180E+00
+128.2500E-06,+4.9686557100E+00,+1.3762060180E+00
+128.5000E-06,+4.9586054589E+00,+1.3762060180E+00
+128.7500E-06,+5.0138818402E+00,+1.3375125511E+00
+129.0000E-06,+4.9699119914E+00,+1.3762060180E+00
+129.2500E-06,+4.8882537008E+00,+1.3689195859E+00
+129.5000E-06,+4.9322235496E+00,+1.3762060180E+00
+129.7500E-06,+4.9812185239E+00,+1.3762060180E+00
+130.0000E-06,+4.8957913891E+00,+1.3749497366E+00
+130.2500E-06,+4.9284547054E+00,+1.3689195859E+00
+130.5000E-06,+4.9699119914E+00,+1.3681658171E+00
+130.7500E-06,+4.9498114891E+00,+1.3648994855E+00
+131.0000E-06,+4.9297109868E+00,+1.3694220985E+00
+131.2500E-06,+4.9900124937E+00,+1.3681658171E+00
+131.5000E-06,+4.9837310867E+00,+1.3628894353E+00
+131.7500E-06,+4.9498114891E+00,+1.3601256162E+00
+132.0000E-06,+4.9297109868E+00,+1.3601256162E+00
+132.2500E-06,+4.9648868658E+00,+1.3528391841E+00
+132.5000E-06,+4.9435300821E+00,+1.3520854153E+00
+132.7500E-06,+4.9736808356E+00,+1.3520854153E+00
+133.0000E-06,+4.9975501820E+00,+1.3453014957E+00
+133.2500E-06,+5.0013190262E+00,+1.3520854153E+00
+133.5000E-06,+4.9699119914E+00,+1.3468090334E+00
+133.7500E-06,+4.9259421426E+00,+1.3392713451E+00
+134.0000E-06,+4.9975501820E+00,+1.3372612948E+00
+134.2500E-06,+4.9937813379E+00,+1.3367587823E+00
+134.5000E-06,+4.9435300821E+00,+1.3387688325E+00
+134.7500E-06,+4.9975501820E+00,+1.3392713451E+00
+135.0000E-06,+5.0038315890E+00,+1.3360050134E+00
+135.2500E-06,+5.0013190262E+00,+1.3111306418E+00
+135.5000E-06,+5.0101129960E+00,+1.3279648125E+00
+135.7500E-06,+4.9259421426E+00,+1.3360050134E+00
+136.0000E-06,+4.9297109868E+00,+1.3440452144E+00
+136.2500E-06,+4.9573491774E+00,+1.3367587823E+00
+136.5000E-06,+4.9837310867E+00,+1.3360050134E+00
+136.7500E-06,+4.9975501820E+00,+1.3360050134E+00
+137.0000E-06,+4.9359923937E+00,+1.3360050134E+00
+137.2500E-06,+4.9900124937E+00,+1.3360050134E+00
+137.5000E-06,+5.0239320913E+00,+1.3360050134E+00
+137.7500E-06,+4.9498114891E+00,+1.3312311441E+00
+138.0000E-06,+4.9359923937E+00,+1.3292210939E+00
+138.2500E-06,+4.9900124937E+00,+1.3279648125E+00
+138.5000E-06,+4.9297109868E+00,+1.3199246116E+00
+138.7500E-06,+4.9736808356E+00,+1.3199246116E+00
+139.0000E-06,+5.0377511866E+00,+1.3199246116E+00
+139.2500E-06,+4.9975501820E+00,+1.3199246116E+00
+139.5000E-06,+5.0239320913E+00,+1.3199246116E+00
+139.7500E-06,+4.9900124937E+00,+1.3199246116E+00
+140.0000E-06,+5.0377511866E+00,+1.3131406921E+00
+140.2500E-06,+4.9900124937E+00,+1.3118844107E+00
+140.5000E-06,+5.0239320913E+00,+1.3118844107E+00
+140.7500E-06,+5.0540828447E+00,+1.3118844107E+00
+141.0000E-06,+5.0101129960E+00,+1.3118844107E+00
+141.2500E-06,+4.9937813379E+00,+1.3118844107E+00
+141.5000E-06,+5.0779521912E+00,+1.2772110442E+00
+141.7500E-06,+5.0226758099E+00,+1.3038442098E+00
+142.0000E-06,+5.0101129960E+00,+1.3118844107E+00
+142.2500E-06,+4.9937813379E+00,+1.3118844107E+00
+142.5000E-06,+4.9975501820E+00,+1.3118844107E+00
+142.7500E-06,+5.0138818402E+00,+1.3151507423E+00
+143.0000E-06,+5.0101129960E+00,+1.3118844107E+00
+143.2500E-06,+5.0339823424E+00,+1.3118844107E+00
+143.5000E-06,+5.0113692774E+00,+1.3118844107E+00
+143.7500E-06,+4.9975501820E+00,+1.3199246116E+00
+144.0000E-06,+5.0101129960E+00,+1.3118844107E+00
+144.2500E-06,+5.0013190262E+00,+1.3111306418E+00
+144.5000E-06,+5.0239320913E+00,+1.3038442098E+00
+144.7500E-06,+5.0138818402E+00,+1.3071105414E+00
+145.0000E-06,+5.0377511866E+00,+1.3051004912E+00
+145.2500E-06,+4.9975501820E+00,+1.3038442098E+00
+145.5000E-06,+5.0239320913E+00,+1.3038442098E+00
+145.7500E-06,+5.0302134983E+00,+1.3038442098E+00
+146.0000E-06,+5.0101129960E+00,+1.3038442098E+00
+146.2500E-06,+4.9975501820E+00,+1.2958040088E+00
+146.5000E-06,+5.0377511866E+00,+1.3010803907E+00
+146.7500E-06,+5.0540828447E+00,+1.3005778781E+00
+147.0000E-06,+5.0779521912E+00,+1.3025879284E+00
+147.2500E-06,+4.9975501820E+00,+1.3038442098E+00
+147.5000E-06,+5.0239320913E+00,+1.3038442098E+00
+147.7500E-06,+4.8932788264E+00,+1.2442964717E+00
+148.0000E-06,+5.0440325936E+00,+1.2865075265E+00
+148.2500E-06,+5.0741833470E+00,+1.2965577777E+00
+148.5000E-06,+5.0503140006E+00,+1.3038442098E+00
+148.7500E-06,+5.0540828447E+00,+1.3038442098E+00
+149.0000E-06,+5.0038315890E+00,+1.3038442098E+00
+149.2500E-06,+5.0339823424E+00,+1.3038442098E+00
+149.5000E-06,+5.0641330959E+00,+1.2958040088E+00
+149.7500E-06,+5.0704145029E+00,+1.3038442098E+00
+150.0000E-06,+5.0314697797E+00,+1.3118844107E+00
+150.2500E-06,+4.9975501820E+00,+1.3038442098E+00
+150.5000E-06,+5.0905150051E+00,+1.3038442098E+00
+150.7500E-06,+5.0616205331E+00,+1.3038442098E+00
+151.0000E-06,+5.0779521912E+00,+1.3038442098E+00
+151.2500E-06,+5.0741833470E+00,+1.2965577777E+00
+151.5000E-06,+5.0503140006E+00,+1.3038442098E+00
+151.7500E-06,+5.0540828447E+00,+1.2958040088E+00
+152.0000E-06,+5.0377511866E+00,+1.3025879284E+00
+152.2500E-06,+5.0741833470E+00,+1.2958040088E+00
+152.5000E-06,+5.0779521912E+00,+1.2958040088E+00
+152.7500E-06,+5.0704145029E+00,+1.2958040088E+00
+153.0000E-06,+5.0528265634E+00,+1.3025879284E+00
+153.2500E-06,+5.0377511866E+00,+1.2958040088E+00
+153.5000E-06,+5.0905150051E+00,+1.2958040088E+00
+153.7500E-06,+5.0126255588E+00,+1.3038442098E+00
+154.0000E-06,+5.0905150051E+00,+1.2847487326E+00
+154.2500E-06,+5.1106155074E+00,+1.2958040088E+00
+154.5000E-06,+5.0239320913E+00,+1.3091205916E+00
+154.7500E-06,+5.0138818402E+00,+1.3038442098E+00
+155.0000E-06,+5.0591079704E+00,+1.3038442098E+00
+155.2500E-06,+5.0779521912E+00,+1.3045979786E+00
+155.5000E-06,+5.0641330959E+00,+1.3038442098E+00
+155.7500E-06,+5.0616205331E+00,+1.3038442098E+00
+156.0000E-06,+5.0528265634E+00,+1.3038442098E+00
+156.2500E-06,+5.0339823424E+00,+1.3199246116E+00
+156.5000E-06,+5.0641330959E+00,+1.3118844107E+00
+156.7500E-06,+5.0616205331E+00,+1.3118844107E+00
+157.0000E-06,+5.0591079704E+00,+1.3106281293E+00
+157.2500E-06,+5.1068466633E+00,+1.3111306418E+00
+157.5000E-06,+5.0641330959E+00,+1.3038442098E+00
+157.7500E-06,+5.0289572169E+00,+1.3038442098E+00
+158.0000E-06,+5.0528265634E+00,+1.3038442098E+00
+158.2500E-06,+5.0013190262E+00,+1.3038442098E+00
+158.5000E-06,+5.0503140006E+00,+1.3038442098E+00
+158.7500E-06,+5.0616205331E+00,+1.3038442098E+00
+159.0000E-06,+5.0591079704E+00,+1.3038442098E+00
+159.2500E-06,+4.9648868658E+00,+1.3030904409E+00
+159.5000E-06,+5.0653893773E+00,+1.3038442098E+00
+159.7500E-06,+4.9887562123E+00,+1.3038442098E+00
+160.0000E-06,+5.0528265634E+00,+1.3038442098E+00
+160.2500E-06,+4.9648868658E+00,+1.3118844107E+00
+160.5000E-06,+4.9711682728E+00,+1.2797236070E+00
+160.7500E-06,+5.0854898796E+00,+1.2958040088E+00
+161.0000E-06,+5.0528265634E+00,+1.3118844107E+00
+161.2500E-06,+4.9322235496E+00,+1.3199246116E+00
+161.5000E-06,+5.0126255588E+00,+1.3199246116E+00
+161.7500E-06,+5.0201632472E+00,+1.3199246116E+00
+162.0000E-06,+4.9849873681E+00,+1.3131406921E+00
+162.2500E-06,+4.8995602334E+00,+1.3199246116E+00
+162.5000E-06,+4.9724245542E+00,+1.3199246116E+00
+162.7500E-06,+4.9962939007E+00,+1.3279648125E+00
+163.0000E-06,+4.9573491774E+00,+1.3279648125E+00
+163.2500E-06,+4.9648868658E+00,+1.3264572748E+00
+163.5000E-06,+4.9460426450E+00,+1.3199246116E+00
+163.7500E-06,+4.9246858612E+00,+1.3199246116E+00
+164.0000E-06,+4.9975501820E+00,+1.3199246116E+00
+164.2500E-06,+5.0050878704E+00,+1.3199246116E+00
+164.5000E-06,+4.9724245542E+00,+1.3199246116E+00
+164.7500E-06,+5.0126255588E+00,+1.3199246116E+00
+165.0000E-06,+4.9849873681E+00,+1.3199246116E+00
+165.2500E-06,+4.9322235496E+00,+1.3199246116E+00
+165.5000E-06,+4.9724245542E+00,+1.3199246116E+00
+165.7500E-06,+5.0126255588E+00,+1.3199246116E+00
+166.0000E-06,+4.9975501820E+00,+1.3199246116E+00
+166.2500E-06,+4.9246858612E+00,+1.3206783804E+00
+166.5000E-06,+4.9045853589E+00,+1.3279648125E+00
+166.7500E-06,+5.1420225423E+00,+1.2684170745E+00
+167.0000E-06,+4.9297109868E+00,+1.3279648125E+00
+167.2500E-06,+4.9686557100E+00,+1.3360050134E+00
+167.5000E-06,+5.0251883727E+00,+1.3307286316E+00
+167.7500E-06,+4.9648868658E+00,+1.3360050134E+00
+168.0000E-06,+4.9912687751E+00,+1.3360050134E+00
+168.2500E-06,+4.9284547054E+00,+1.3360050134E+00
+168.5000E-06,+4.9435300821E+00,+1.3360050134E+00
+168.7500E-06,+4.9975501820E+00,+1.3360050134E+00
+169.0000E-06,+4.9297109868E+00,+1.3440452144E+00
+169.2500E-06,+4.9322235496E+00,+1.3440452144E+00
+169.5000E-06,+4.9171481729E+00,+1.3440452144E+00
+169.7500E-06,+5.0214195285E+00,+1.3440452144E+00
+170.0000E-06,+4.9297109868E+00,+1.3360050134E+00
+170.2500E-06,+4.9209170170E+00,+1.3432914455E+00
+170.5000E-06,+4.8907662636E+00,+1.3440452144E+00
+170.7500E-06,+4.9410175193E+00,+1.3360050134E+00
+171.0000E-06,+4.9297109868E+00,+1.3427889330E+00
+171.2500E-06,+4.9611180216E+00,+1.3360050134E+00
+171.5000E-06,+4.9699119914E+00,+1.3360050134E+00
+171.7500E-06,+4.9498114891E+00,+1.3440452144E+00
+172.0000E-06,+4.9636305844E+00,+1.3372612948E+00
+172.2500E-06,+4.9322235496E+00,+1.3440452144E+00
+172.5000E-06,+4.9033290775E+00,+1.3440452144E+00
+172.7500E-06,+4.9736808356E+00,+1.3520854153E+00
+173.0000E-06,+4.8895099822E+00,+1.3076130539E+00
+173.2500E-06,+4.9171481729E+00,+1.3360050134E+00
+173.5000E-06,+4.9699119914E+00,+1.3440452144E+00
+173.7500E-06,+4.9661431472E+00,+1.3601256162E+00
+174.0000E-06,+4.9975501820E+00,+1.3601256162E+00
+174.2500E-06,+5.0013190262E+00,+1.3601256162E+00
+174.5000E-06,+4.9435300821E+00,+1.3601256162E+00
+174.7500E-06,+4.9498114891E+00,+1.3601256162E+00
+175.0000E-06,+4.8957913891E+00,+1.3601256162E+00
+175.2500E-06,+4.9975501820E+00,+1.3681658171E+00
+175.5000E-06,+4.9699119914E+00,+1.3628894353E+00
+175.7500E-06,+4.9736808356E+00,+1.3648994855E+00
+176.0000E-06,+5.0038315890E+00,+1.3681658171E+00
+176.2500E-06,+4.9937813379E+00,+1.3608793850E+00
+176.5000E-06,+5.0101129960E+00,+1.3654019980E+00
+176.7500E-06,+4.9498114891E+00,+1.3633919478E+00
+177.0000E-06,+5.0038315890E+00,+1.3613818976E+00
+177.2500E-06,+4.9900124937E+00,+1.3601256162E+00
+177.5000E-06,+4.9975501820E+00,+1.3601256162E+00
+177.7500E-06,+4.9736808356E+00,+1.3681658171E+00
+178.0000E-06,+5.0314697797E+00,+1.3601256162E+00
+178.2500E-06,+4.9900124937E+00,+1.3681658171E+00
+178.5000E-06,+4.9837310867E+00,+1.3681658171E+00
+178.7500E-06,+4.9975501820E+00,+1.3714321487E+00
+179.0000E-06,+4.9359923937E+00,+1.3681658171E+00
+179.2500E-06,+4.9498114891E+00,+1.3762060180E+00
+179.5000E-06,+5.0779521912E+00,+1.3520854153E+00
+179.7500E-06,+5.0214195285E+00,+1.3762060180E+00
+180.0000E-06,+5.0038315890E+00,+1.3842462189E+00
+180.2500E-06,+4.9937813379E+00,+1.3842462189E+00
+180.5000E-06,+4.9975501820E+00,+1.3842462189E+00
+180.7500E-06,+4.9975501820E+00,+1.3842462189E+00
+181.0000E-06,+5.0038315890E+00,+1.3842462189E+00
+181.2500E-06,+4.9937813379E+00,+1.3842462189E+00
+181.5000E-06,+4.9962939006E+00,+1.3922864199E+00
+181.7500E-06,+5.0377511866E+00,+1.3922864199E+00
+182.0000E-06,+5.0377511866E+00,+1.3922864199E+00
+182.2500E-06,+4.9975501820E+00,+1.3995728519E+00
+182.5000E-06,+4.9962939006E+00,+1.3922864199E+00
+182.7500E-06,+4.9736808356E+00,+1.3875125506E+00
+183.0000E-06,+5.0038315890E+00,+1.3922864199E+00
+183.2500E-06,+4.9975501820E+00,+1.3922864199E+00
+183.5000E-06,+5.0239320913E+00,+1.3922864199E+00
+183.7500E-06,+5.0540828447E+00,+1.3922864199E+00
+184.0000E-06,+4.9975501820E+00,+1.3922864199E+00
+184.2500E-06,+5.0339823424E+00,+1.3922864199E+00
+184.5000E-06,+5.0239320913E+00,+1.3922864199E+00
+184.7500E-06,+5.0138818401E+00,+1.3922864199E+00
+185.0000E-06,+5.0038315890E+00,+1.3922864199E+00
+185.2500E-06,+5.0339823424E+00,+1.4003266208E+00
+185.5000E-06,+5.0239320913E+00,+1.3975628017E+00
+185.7500E-06,+4.9171481729E+00,+1.3842462189E+00
+186.0000E-06,+4.9699119914E+00,+1.3922864199E+00
+186.2500E-06,+5.0377511866E+00,+1.4076130529E+00
+186.5000E-06,+5.0239320913E+00,+1.4083668217E+00
+186.7500E-06,+5.0302134982E+00,+1.4083668217E+00
+187.0000E-06,+5.0101129960E+00,+1.4083668217E+00
+187.2500E-06,+4.9937813378E+00,+1.4083668217E+00
+187.5000E-06,+5.0239320913E+00,+1.4164070226E+00
+187.7500E-06,+5.0138818401E+00,+1.4196733542E+00
+188.0000E-06,+5.0377511866E+00,+1.4231909422E+00
+188.2500E-06,+4.9937813378E+00,+1.4236934547E+00
+188.5000E-06,+4.9975501820E+00,+1.4164070226E+00
+188.7500E-06,+5.0138818401E+00,+1.4164070226E+00
+189.0000E-06,+5.0440325936E+00,+1.4151507412E+00
+189.2500E-06,+5.0339823424E+00,+1.4164070226E+00
+189.5000E-06,+5.0239320913E+00,+1.4164070226E+00
+189.7500E-06,+5.0138818401E+00,+1.4164070226E+00
+190.0000E-06,+4.9975501820E+00,+1.4164070226E+00
+190.2500E-06,+4.9975501820E+00,+1.4164070226E+00
+190.5000E-06,+5.0503140005E+00,+1.4164070226E+00
+190.7500E-06,+5.0138818401E+00,+1.4164070226E+00
+191.0000E-06,+5.0377511866E+00,+1.4164070226E+00
+191.2500E-06,+4.9975501820E+00,+1.4164070226E+00
+191.5000E-06,+5.0503140005E+00,+1.4244472235E+00
+191.7500E-06,+5.0138818401E+00,+1.4244472235E+00
+192.0000E-06,+5.0779521912E+00,+1.3440452144E+00
+192.2500E-06,+5.1106155074E+00,+1.4244472235E+00
+192.5000E-06,+5.0239320913E+00,+1.4324874245E+00
+192.7500E-06,+5.0377511866E+00,+1.4324874245E+00
+193.0000E-06,+5.0440325936E+00,+1.4324874245E+00
+193.2500E-06,+5.0704145028E+00,+1.4324874245E+00
+193.5000E-06,+5.0503140005E+00,+1.4324874245E+00
+193.7500E-06,+5.0214195285E+00,+1.4324874245E+00
+194.0000E-06,+4.9975501820E+00,+1.4405276254E+00
+194.2500E-06,+5.0339823424E+00,+1.4485678263E+00
+194.5000E-06,+5.0503140005E+00,+1.4405276254E+00
+194.7500E-06,+5.0138818401E+00,+1.4405276254E+00
+195.0000E-06,+4.9912687751E+00,+1.4337437059E+00
+195.2500E-06,+5.0704145028E+00,+1.4332411933E+00
+195.5000E-06,+4.9975501820E+00,+1.4405276254E+00
+195.7500E-06,+5.0289572169E+00,+1.4405276254E+00
+196.0000E-06,+4.9975501820E+00,+1.4405276254E+00
+196.2500E-06,+5.0339823424E+00,+1.4405276254E+00
+196.5000E-06,+5.0641330959E+00,+1.4352512435E+00
+196.7500E-06,+4.9887562123E+00,+1.4324874245E+00
+197.0000E-06,+5.0189069658E+00,+1.4405276254E+00
+197.2500E-06,+5.0741833470E+00,+1.4405276254E+00
+197.5000E-06,+5.0239320913E+00,+1.4432914445E+00
+197.7500E-06,+5.0377511866E+00,+1.4405276254E+00
+198.0000E-06,+5.0653893773E+00,+1.4405276254E+00
+198.2500E-06,+5.1068466632E+00,+1.4171607915E+00
+198.5000E-06,+4.9837310867E+00,+1.4485678263E+00
+198.7500E-06,+5.0126255588E+00,+1.4437939570E+00
+199.0000E-06,+5.0591079704E+00,+1.4485678263E+00
+199.2500E-06,+4.9975501820E+00,+1.4493215951E+00
+199.5000E-06,+5.0515702820E+00,+1.4566080272E+00
+199.7500E-06,+5.0289572169E+00,+1.4566080272E+00
+200.0000E-06,+5.0251883727E+00,+1.4566080272E+00
+200.2500E-06,+5.0741833470E+00,+1.4566080272E+00
+200.5000E-06,+4.9586054589E+00,+1.4726884291E+00
+200.7500E-06,+5.0616205331E+00,+1.4646482281E+00
+201.0000E-06,+5.0189069658E+00,+1.4578643086E+00
+201.2500E-06,+5.0377511866E+00,+1.4573617961E+00
+201.5000E-06,+4.9975501820E+00,+1.4566080272E+00
+201.7500E-06,+5.0126255588E+00,+1.4566080272E+00
+202.0000E-06,+5.0189069658E+00,+1.4566080272E+00
+202.2500E-06,+5.0779521912E+00,+1.4566080272E+00
+202.5000E-06,+5.0515702820E+00,+1.4566080272E+00
+202.7500E-06,+5.0050878704E+00,+1.4566080272E+00
+203.0000E-06,+5.0528265634E+00,+1.4566080272E+00
+203.2500E-06,+5.0779521912E+00,+1.4566080272E+00
+203.5000E-06,+5.0251883727E+00,+1.4566080272E+00
+203.7500E-06,+4.9887562123E+00,+1.4598743588E+00
+204.0000E-06,+5.0653893773E+00,+1.4566080272E+00
+204.2500E-06,+5.0377511866E+00,+1.4638944593E+00
+204.5000E-06,+5.0515702820E+00,+1.4646482281E+00
+204.7500E-06,+5.0691582215E+00,+1.4324874245E+00
+205.0000E-06,+5.0528265634E+00,+1.4566080272E+00
+205.2500E-06,+5.0050878704E+00,+1.4726884291E+00
+205.5000E-06,+4.9988064635E+00,+1.4699246100E+00
+205.7500E-06,+4.9812185239E+00,+1.4646482281E+00
+206.0000E-06,+4.9849873681E+00,+1.4726884291E+00
+206.2500E-06,+4.9284547054E+00,+1.4654019970E+00
+206.5000E-06,+4.9988064635E+00,+1.4726884291E+00
+206.7500E-06,+4.9498114891E+00,+1.4726884291E+00
+207.0000E-06,+5.0314697797E+00,+1.4807286300E+00
+207.2500E-06,+4.9322235496E+00,+1.4807286300E+00
+207.5000E-06,+4.9460426450E+00,+1.4754522481E+00
+207.7500E-06,+4.9648868658E+00,+1.4726884291E+00
+208.0000E-06,+4.9975501820E+00,+1.4726884291E+00
+208.2500E-06,+4.9648868658E+00,+1.4726884291E+00
+208.5000E-06,+4.9988064635E+00,+1.4699246100E+00
+208.7500E-06,+4.9171481729E+00,+1.4726884291E+00
+209.0000E-06,+4.9636305844E+00,+1.4714321477E+00
+209.2500E-06,+4.9322235496E+00,+1.4726884291E+00
+209.5000E-06,+5.0251883727E+00,+1.4674120472E+00
+209.7500E-06,+4.9334798310E+00,+1.4646482281E+00
+210.0000E-06,+4.9975501820E+00,+1.4726884291E+00
+210.2500E-06,+4.9322235496E+00,+1.4726884291E+00
+210.5000E-06,+4.9460426450E+00,+1.4726884291E+00
+210.7500E-06,+4.9573491774E+00,+1.4726884291E+00
+211.0000E-06,+4.9636305844E+00,+1.4540954644E+00
+211.2500E-06,+4.9611180216E+00,+1.4654019970E+00
+211.5000E-06,+4.9711682728E+00,+1.4754522481E+00
+211.7500E-06,+5.0214195285E+00,+1.4807286300E+00
+212.0000E-06,+4.9297109868E+00,+1.4807286300E+00
+212.2500E-06,+4.9284547055E+00,+1.4807286300E+00
+212.5000E-06,+4.9033290775E+00,+1.4807286300E+00
+212.7500E-06,+4.9648868658E+00,+1.4759547607E+00
+213.0000E-06,+4.9359923937E+00,+1.4807286300E+00
+213.2500E-06,+5.0013190262E+00,+1.4895225997E+00
+213.5000E-06,+5.0113692774E+00,+1.4807286300E+00
+213.7500E-06,+4.9498114891E+00,+1.4807286300E+00
+214.0000E-06,+4.9975501820E+00,+1.4807286300E+00
+214.2500E-06,+4.9975501820E+00,+1.4734421979E+00
+214.5000E-06,+4.9573491774E+00,+1.4807286300E+00
+214.7500E-06,+4.9498114891E+00,+1.4807286300E+00
+215.0000E-06,+4.9636305844E+00,+1.4739447104E+00
+215.2500E-06,+5.0013190262E+00,+1.4734421979E+00
+215.5000E-06,+4.9699119913E+00,+1.4807286300E+00
+215.7500E-06,+4.9736808355E+00,+1.4807286300E+00
+216.0000E-06,+4.8957913891E+00,+1.4726884291E+00
+216.2500E-06,+4.9975501820E+00,+1.4726884291E+00
+216.5000E-06,+4.9837310867E+00,+1.4726884291E+00
+216.7500E-06,+4.9975501820E+00,+1.4726884291E+00
+217.0000E-06,+4.9359923937E+00,+1.4807286300E+00
+217.2500E-06,+4.9096104845E+00,+1.4083668217E+00
+217.5000E-06,+5.0101129959E+00,+1.4593718463E+00
+217.7500E-06,+4.9900124936E+00,+1.4807286300E+00
+218.0000E-06,+4.9297109868E+00,+1.4875125495E+00
+218.2500E-06,+4.9535803333E+00,+1.4814823988E+00
+218.5000E-06,+4.9699119913E+00,+1.4807286300E+00
+218.7500E-06,+5.0138818401E+00,+1.4855024993E+00
+219.0000E-06,+4.9636305844E+00,+1.4819849114E+00
+219.2500E-06,+4.9900124936E+00,+1.4807286300E+00
+219.5000E-06,+4.9560928960E+00,+1.4887688309E+00
+219.7500E-06,+4.9975501820E+00,+1.4887688309E+00
+220.0000E-06,+4.9975501820E+00,+1.4819849114E+00
+220.2500E-06,+5.0264446540E+00,+1.4887688309E+00
+220.5000E-06,+4.9975501820E+00,+1.4834924490E+00
+220.7500E-06,+4.9661431471E+00,+1.4807286300E+00
+221.0000E-06,+5.0038315890E+00,+1.4807286300E+00
+221.2500E-06,+4.9900124936E+00,+1.4807286300E+00
+221.5000E-06,+4.9975501820E+00,+1.4807286300E+00
+221.7500E-06,+4.9975501820E+00,+1.4807286300E+00
+222.0000E-06,+5.0440325936E+00,+1.4726884291E+00
+222.2500E-06,+4.9937813378E+00,+1.4726884291E+00
+222.5000E-06,+4.9699119913E+00,+1.4779648109E+00
+222.7500E-06,+4.9900124936E+00,+1.4759547607E+00
+223.0000E-06,+5.0101129959E+00,+1.4807286300E+00
+223.2500E-06,+5.0226758098E+00,+1.4799748611E+00
+223.5000E-06,+5.1043341005E+00,+1.4430401882E+00
+223.7500E-06,+4.9975501820E+00,+1.4726884291E+00
+224.0000E-06,+5.0038315890E+00,+1.4807286300E+00
+224.2500E-06,+4.9937813378E+00,+1.4807286300E+00
+224.5000E-06,+5.0239320913E+00,+1.4834924490E+00
+224.7500E-06,+5.0214195285E+00,+1.4887688309E+00
+225.0000E-06,+5.0038315890E+00,+1.4875125495E+00
+225.2500E-06,+5.0339823424E+00,+1.4880150621E+00
+225.5000E-06,+5.0101129959E+00,+1.4807286300E+00
+225.7500E-06,+5.0302134982E+00,+1.4920351625E+00
+226.0000E-06,+5.0101129959E+00,+1.4887688309E+00
+226.2500E-06,+4.9975501820E+00,+1.4814823988E+00
+226.5000E-06,+5.0239320913E+00,+1.4807286300E+00
+226.7500E-06,+5.0138818401E+00,+1.4807286300E+00
+227.0000E-06,+5.0440325936E+00,+1.4807286300E+00
+227.2500E-06,+5.0339823424E+00,+1.4799748611E+00
+227.5000E-06,+5.0641330959E+00,+1.4779648109E+00
+227.7500E-06,+5.0540828447E+00,+1.4759547607E+00
+228.0000E-06,+5.0101129959E+00,+1.4726884291E+00
+228.2500E-06,+5.0339823424E+00,+1.4726884291E+00
+228.5000E-06,+4.9975501820E+00,+1.4807286300E+00
+228.7500E-06,+5.0302134982E+00,+1.4726884291E+00
+229.0000E-06,+5.0377511866E+00,+1.4714321477E+00
+229.2500E-06,+5.0339823424E+00,+1.4726884291E+00
+229.5000E-06,+5.0239320913E+00,+1.4726884291E+00
+229.7500E-06,+4.9975501820E+00,+1.4774622984E+00
+230.0000E-06,+4.9975501820E+00,+1.4405276254E+00
+230.2500E-06,+5.0741833470E+00,+1.4646482281E+00
+230.5000E-06,+5.0503140005E+00,+1.4807286300E+00
+230.7500E-06,+5.0302134982E+00,+1.4726884291E+00
+231.0000E-06,+5.0440325936E+00,+1.4794723486E+00
+231.2500E-06,+5.0704145028E+00,+1.4807286300E+00
+231.5000E-06,+5.0364949052E+00,+1.4807286300E+00
+231.7500E-06,+5.0302134982E+00,+1.4774622984E+00
+232.0000E-06,+5.0653893773E+00,+1.4807286300E+00
+232.2500E-06,+5.0339823424E+00,+1.4807286300E+00
+232.5000E-06,+5.0503140005E+00,+1.4807286300E+00
+232.7500E-06,+4.9975501820E+00,+1.4774622984E+00
+233.0000E-06,+5.0314697797E+00,+1.4807286300E+00
+233.2500E-06,+5.0339823424E+00,+1.4734421979E+00
+233.5000E-06,+5.0503140005E+00,+1.4699246100E+00
+233.7500E-06,+5.0540828447E+00,+1.4726884291E+00
+234.0000E-06,+5.0377511866E+00,+1.4726884291E+00
+234.2500E-06,+5.0741833470E+00,+1.4646482281E+00
+234.5000E-06,+5.0377511866E+00,+1.4726884291E+00
+234.7500E-06,+5.0138818401E+00,+1.4646482281E+00
+235.0000E-06,+5.0779521912E+00,+1.4659045095E+00
+235.2500E-06,+5.0704145028E+00,+1.4646482281E+00
+235.5000E-06,+5.0503140005E+00,+1.4646482281E+00
+235.7500E-06,+5.0540828447E+00,+1.4726884291E+00
+236.0000E-06,+5.0465451565E+00,+1.4714321477E+00
+236.2500E-06,+5.1872486724E+00,+1.4179145603E+00
+236.5000E-06,+5.0251883727E+00,+1.4646482281E+00
+236.7500E-06,+4.9648868659E+00,+1.4679145598E+00
+237.0000E-06,+5.0716707843E+00,+1.4726884291E+00
+237.2500E-06,+5.0377511866E+00,+1.4726884291E+00
+237.5000E-06,+5.0641330959E+00,+1.4726884291E+00
+237.7500E-06,+5.0126255589E+00,+1.4646482281E+00
+238.0000E-06,+5.0716707843E+00,+1.4646482281E+00
+238.2500E-06,+5.0377511866E+00,+1.4654019970E+00
+238.5000E-06,+5.0641330959E+00,+1.4779648109E+00
+238.7500E-06,+5.0126255589E+00,+1.4726884291E+00
+239.0000E-06,+5.0528265634E+00,+1.4726884291E+00
+239.2500E-06,+5.0377511866E+00,+1.4646482281E+00
+239.5000E-06,+5.0779521912E+00,+1.4646482281E+00
+239.7500E-06,+5.0616205331E+00,+1.4598743588E+00
+240.0000E-06,+4.9849873682E+00,+1.4646482281E+00
+240.2500E-06,+5.0741833470E+00,+1.4646482281E+00
+240.5000E-06,+5.0779521912E+00,+1.4593718463E+00
+240.7500E-06,+5.0616205331E+00,+1.4566080272E+00
+241.0000E-06,+5.0189069658E+00,+1.4578643086E+00
+241.2500E-06,+5.0415200308E+00,+1.4566080272E+00
+241.5000E-06,+4.9724245543E+00,+1.4538442081E+00
+241.7500E-06,+5.0289572169E+00,+1.4566080272E+00
+242.0000E-06,+5.0528265634E+00,+1.4578643086E+00
+242.2500E-06,+4.9648868659E+00,+1.4573617961E+00
+242.5000E-06,+4.8769471683E+00,+1.4003266208E+00
+242.7500E-06,+5.0126255589E+00,+1.4405276254E+00
+243.0000E-06,+5.0314697797E+00,+1.4566080272E+00
+243.2500E-06,+5.0415200308E+00,+1.4646482281E+00
+243.5000E-06,+5.0251883727E+00,+1.4566080272E+00
+243.7500E-06,+5.0452888750E+00,+1.4646482281E+00
+244.0000E-06,+5.0528265634E+00,+1.4566080272E+00
+244.2500E-06,+5.0013190262E+00,+1.4566080272E+00
+244.5000E-06,+4.9724245543E+00,+1.4618844091E+00
+244.7500E-06,+5.0126255589E+00,+1.4646482281E+00
+245.0000E-06,+5.0126255589E+00,+1.4578643086E+00
+245.2500E-06,+5.0779521912E+00,+1.4638944593E+00
+245.5000E-06,+4.9724245543E+00,+1.4566080272E+00
+245.7500E-06,+5.0289572169E+00,+1.4566080272E+00
+246.0000E-06,+5.0314697797E+00,+1.4485678263E+00
+246.2500E-06,+5.0050878704E+00,+1.4485678263E+00
+246.5000E-06,+4.9586054589E+00,+1.4485678263E+00
+246.7500E-06,+4.9962939008E+00,+1.4485678263E+00
+247.0000E-06,+4.9636305844E+00,+1.4473115449E+00
+247.2500E-06,+5.0415200308E+00,+1.4485678263E+00
+247.5000E-06,+4.9724245543E+00,+1.4485678263E+00
+247.7500E-06,+4.9648868659E+00,+1.4453014947E+00
+248.0000E-06,+4.9297109868E+00,+1.4473115449E+00
+248.2500E-06,+4.9648868659E+00,+1.4412813942E+00
+248.5000E-06,+4.9988064635E+00,+1.4485678263E+00
+248.7500E-06,+5.0201632472E+00,+1.4581155649E+00
+249.0000E-06,+5.0440325936E+00,+1.4312311431E+00
+249.2500E-06,+4.8920225451E+00,+1.4485678263E+00
+249.5000E-06,+4.9184044543E+00,+1.4485678263E+00
+249.7500E-06,+5.0377511866E+00,+1.4485678263E+00
+250.0000E-06,+4.9359923937E+00,+1.4485678263E+00
+250.2500E-06,+4.9322235497E+00,+1.4485678263E+00
+250.5000E-06,+4.8907662636E+00,+1.4485678263E+00
+250.7500E-06,+4.9736808355E+00,+1.4453014947E+00
+251.0000E-06,+4.9699119913E+00,+1.4553517458E+00
+251.2500E-06,+4.9246858613E+00,+1.4485678263E+00
+251.5000E-06,+4.9322235497E+00,+1.4485678263E+00
+251.7500E-06,+4.9661431471E+00,+1.4453014947E+00
+252.0000E-06,+4.9359923937E+00,+1.4485678263E+00
+252.2500E-06,+4.9686557100E+00,+1.4405276254E+00
+252.5000E-06,+4.9447863636E+00,+1.4405276254E+00
+252.7500E-06,+5.0050878704E+00,+1.4372612938E+00
+253.0000E-06,+4.9297109868E+00,+1.4324874245E+00
+253.2500E-06,+4.8807160125E+00,+1.4397738565E+00
+253.5000E-06,+4.9975501820E+00,+1.4324874245E+00
+253.7500E-06,+4.9736808355E+00,+1.4357537561E+00
+254.0000E-06,+4.9359923937E+00,+1.4324874245E+00
+254.2500E-06,+4.9246858613E+00,+1.4324874245E+00
+254.5000E-06,+5.0101129959E+00,+1.4324874245E+00
+254.7500E-06,+4.9498114891E+00,+1.4324874245E+00
+255.0000E-06,+5.0038315890E+00,+1.4392713440E+00
+255.2500E-06,+4.9246858613E+00,+1.4156532538E+00
+255.5000E-06,+4.9837310867E+00,+1.4244472235E+00
+255.7500E-06,+4.9900124936E+00,+1.4324874245E+00
+256.0000E-06,+4.9636305844E+00,+1.4324874245E+00
+256.2500E-06,+4.8807160125E+00,+1.4324874245E+00
+256.5000E-06,+4.9837310867E+00,+1.4377638063E+00
+256.7500E-06,+4.9736808356E+00,+1.4324874245E+00
+257.0000E-06,+4.9699119914E+00,+1.4324874245E+00
+257.2500E-06,+4.9900124937E+00,+1.4324874245E+00
+257.5000E-06,+4.9560928960E+00,+1.4405276254E+00
+257.7500E-06,+4.9498114891E+00,+1.4405276254E+00
+258.0000E-06,+4.9699119914E+00,+1.4337437059E+00
+258.2500E-06,+4.9937813378E+00,+1.4324874245E+00
+258.5000E-06,+4.9837310867E+00,+1.4244472235E+00
+258.7500E-06,+4.9661431472E+00,+1.4324874245E+00
+259.0000E-06,+5.0314697797E+00,+1.4257035049E+00
+259.2500E-06,+4.9573491774E+00,+1.4317336556E+00
+259.5000E-06,+4.9560928960E+00,+1.4244472235E+00
+259.7500E-06,+4.9498114891E+00,+1.4244472235E+00
+260.0000E-06,+4.9699119914E+00,+1.4244472235E+00
+260.2500E-06,+5.0339823424E+00,+1.4244472235E+00
+260.5000E-06,+4.9962939006E+00,+1.4244472235E+00
+260.7500E-06,+5.0138818401E+00,+1.4164070226E+00
+261.0000E-06,+5.0377511866E+00,+1.4244472235E+00
+261.2500E-06,+4.9937813378E+00,+1.4244472235E+00
+261.5000E-06,+5.0503140005E+00,+1.3548492343E+00
+261.7500E-06,+5.0540828447E+00,+1.4211808919E+00
+262.0000E-06,+5.0038315890E+00,+1.4244472235E+00
+262.2500E-06,+4.9937813378E+00,+1.4244472235E+00
+262.5000E-06,+4.9560928960E+00,+1.4244472235E+00
+262.7500E-06,+4.9975501820E+00,+1.4244472235E+00
+263.0000E-06,+4.9975501820E+00,+1.4244472235E+00
+263.2500E-06,+4.9937813379E+00,+1.4244472235E+00
+263.5000E-06,+4.9975501820E+00,+1.4244472235E+00
+263.7500E-06,+4.9900124937E+00,+1.4324874245E+00
+264.0000E-06,+5.0038315890E+00,+1.4257035049E+00
+264.2500E-06,+4.9900124937E+00,+1.4244472235E+00
+264.5000E-06,+4.9837310867E+00,+1.4244472235E+00
+264.7500E-06,+5.0138818401E+00,+1.4244472235E+00
+265.0000E-06,+5.0101129960E+00,+1.4164070226E+00
+265.2500E-06,+5.0302134983E+00,+1.4236934547E+00
+265.5000E-06,+4.9962939006E+00,+1.4164070226E+00
+265.7500E-06,+5.0302134983E+00,+1.4196733542E+00
+266.0000E-06,+5.0101129960E+00,+1.4151507412E+00
+266.2500E-06,+4.9937813379E+00,+1.4091205905E+00
+266.5000E-06,+4.9975501820E+00,+1.4136432036E+00
+266.7500E-06,+5.0302134983E+00,+1.4083668217E+00
+267.0000E-06,+5.0038315890E+00,+1.4083668217E+00
+267.2500E-06,+5.0013190262E+00,+1.4164070226E+00
+267.5000E-06,+5.0101129960E+00,+1.4136432036E+00
+267.7500E-06,+5.0063441518E+00,+1.3907788822E+00
+268.0000E-06,+4.9636305844E+00,+1.4083668217E+00
+268.2500E-06,+5.0264446541E+00,+1.4156532538E+00
+268.5000E-06,+5.0503140006E+00,+1.4164070226E+00
+268.7500E-06,+5.0138818401E+00,+1.4196733542E+00
+269.0000E-06,+5.0101129960E+00,+1.4164070226E+00
+269.2500E-06,+4.9975501820E+00,+1.4164070226E+00
+269.5000E-06,+4.9975501820E+00,+1.4136432036E+00
+269.7500E-06,+5.0138818402E+00,+1.4116331533E+00
+270.0000E-06,+5.0101129960E+00,+1.4244472235E+00
+270.2500E-06,+4.9975501820E+00,+1.4244472235E+00
+270.5000E-06,+5.0239320913E+00,+1.4164070226E+00
+270.7500E-06,+5.0377511866E+00,+1.4164070226E+00
+271.0000E-06,+5.0440325936E+00,+1.4164070226E+00
+271.2500E-06,+5.0013190262E+00,+1.4083668217E+00
+271.5000E-06,+5.0239320913E+00,+1.4083668217E+00
+271.7500E-06,+5.0138818402E+00,+1.4116331533E+00
+272.0000E-06,+5.0377511866E+00,+1.4083668217E+00
+272.2500E-06,+5.0339823424E+00,+1.4083668217E+00
+272.5000E-06,+5.0503140006E+00,+1.4083668217E+00
+272.7500E-06,+5.0302134983E+00,+1.4083668217E+00
+273.0000E-06,+5.0377511866E+00,+1.4083668217E+00
+273.2500E-06,+5.0704145029E+00,+1.4083668217E+00
+273.5000E-06,+5.0503140006E+00,+1.4083668217E+00
+273.7500E-06,+5.0138818402E+00,+1.4083668217E+00
+274.0000E-06,+5.0653893773E+00,+1.4083668217E+00
+274.2500E-06,+5.0779521912E+00,+1.3769597869E+00
+274.5000E-06,+5.0766959098E+00,+1.4083668217E+00
+274.7500E-06,+5.0302134983E+00,+1.4083668217E+00
+275.0000E-06,+4.9912687751E+00,+1.4164070226E+00
+275.2500E-06,+5.0339823424E+00,+1.4083668217E+00
+275.5000E-06,+5.0377511866E+00,+1.4083668217E+00
+275.7500E-06,+5.0138818402E+00,+1.4083668217E+00
+276.0000E-06,+5.0779521912E+00,+1.4083668217E+00
+276.2500E-06,+5.0377511866E+00,+1.4164070226E+00
+276.5000E-06,+5.0503140006E+00,+1.4164070226E+00
+276.7500E-06,+5.0540828447E+00,+1.4164070226E+00
+277.0000E-06,+5.0716707843E+00,+1.4083668217E+00
+277.2500E-06,+5.0377511866E+00,+1.4083668217E+00
+277.5000E-06,+5.0641330959E+00,+1.4083668217E+00
+277.7500E-06,+5.0377511866E+00,+1.4083668217E+00
+278.0000E-06,+5.0528265634E+00,+1.4083668217E+00
+278.2500E-06,+5.0704145029E+00,+1.4010803896E+00
+278.5000E-06,+5.0641330959E+00,+1.4030904399E+00
+278.7500E-06,+5.0540828447E+00,+1.3955527515E+00
+279.0000E-06,+5.0528265634E+00,+1.4071105403E+00
+279.2500E-06,+5.0741833470E+00,+1.4003266208E+00
+279.5000E-06,+5.0377511866E+00,+1.4003266208E+00
+279.7500E-06,+5.0050878704E+00,+1.3970602892E+00
+280.0000E-06,+5.0189069658E+00,+1.4003266208E+00
+280.2500E-06,+5.0741833470E+00,+1.4010803896E+00
+280.5000E-06,+4.9699119914E+00,+1.3895226008E+00
+280.7500E-06,+4.9812185239E+00,+1.3955527515E+00
+281.0000E-06,+5.0528265634E+00,+1.4015829022E+00
+281.2500E-06,+5.0741833470E+00,+1.4083668217E+00
+281.5000E-06,+4.9586054589E+00,+1.4083668217E+00
+281.7500E-06,+5.0126255588E+00,+1.4035929524E+00
+282.0000E-06,+5.0528265634E+00,+1.4083668217E+00
+282.2500E-06,+5.0704145029E+00,+1.4083668217E+00
+282.5000E-06,+4.9975501820E+00,+1.4083668217E+00
+282.7500E-06,+4.9887562123E+00,+1.4164070226E+00
+283.0000E-06,+5.0528265634E+00,+1.4083668217E+00
+283.2500E-06,+5.0339823425E+00,+1.4083668217E+00
+283.5000E-06,+5.0377511866E+00,+1.4083668217E+00
+283.7500E-06,+5.0214195285E+00,+1.4035929524E+00
+284.0000E-06,+5.0528265634E+00,+1.4015829022E+00
+284.2500E-06,+4.9975501820E+00,+1.4003266208E+00
+284.5000E-06,+5.0113692774E+00,+1.4003266208E+00
+284.7500E-06,+4.9887562123E+00,+1.4003266208E+00
+285.0000E-06,+5.0189069657E+00,+1.4003266208E+00
+285.2500E-06,+4.9648868658E+00,+1.4003266208E+00
+285.5000E-06,+4.9724245542E+00,+1.4003266208E+00
+285.7500E-06,+5.0289572169E+00,+1.4003266208E+00
+286.0000E-06,+4.9108667659E+00,+1.4003266208E+00
+286.2500E-06,+4.9648868658E+00,+1.4083668217E+00
+286.5000E-06,+5.0251883727E+00,+1.4003266208E+00
+286.7500E-06,+4.9485552077E+00,+1.3279648125E+00
+287.0000E-06,+4.9573491774E+00,+1.3910301385E+00
+287.2500E-06,+5.0013190262E+00,+1.4083668217E+00
+287.5000E-06,+4.9586054589E+00,+1.4083668217E+00
+287.7500E-06,+4.9962939007E+00,+1.4083668217E+00
+288.0000E-06,+4.9912687751E+00,+1.4083668217E+00
+288.2500E-06,+4.9322235496E+00,+1.4083668217E+00
+288.5000E-06,+4.9586054589E+00,+1.4083668217E+00
+288.7500E-06,+5.0452888750E+00,+1.4035929524E+00
+289.0000E-06,+4.9975501820E+00,+1.4164070226E+00
+289.2500E-06,+4.9284547054E+00,+1.4164070226E+00
+289.5000E-06,+4.9309672682E+00,+1.4083668217E+00
+289.7500E-06,+5.0214195285E+00,+1.4083668217E+00
+290.0000E-06,+4.9975501820E+00,+1.4071105403E+00
+290.2500E-06,+4.9322235496E+00,+1.4003266208E+00
+290.5000E-06,+4.9724245542E+00,+1.4056030026E+00
+290.7500E-06,+5.0452888750E+00,+1.4003266208E+00
+291.0000E-06,+4.9171481729E+00,+1.4071105403E+00
+291.2500E-06,+4.9322235496E+00,+1.4003266208E+00
+291.5000E-06,+4.9435300821E+00,+1.3950502389E+00
+291.7500E-06,+4.9887562123E+00,+1.4003266208E+00
+292.0000E-06,+4.9297109868E+00,+1.4003266208E+00
+292.2500E-06,+4.9284547054E+00,+1.4003266208E+00
+292.5000E-06,+4.9447863635E+00,+1.4003266208E+00
+292.7500E-06,+4.9887562123E+00,+1.4051004901E+00
+293.0000E-06,+5.0038315890E+00,+1.3545979781E+00
+293.2500E-06,+4.8882537008E+00,+1.4003266208E+00
+293.5000E-06,+4.9975501820E+00,+1.3975628017E+00
+293.7500E-06,+4.9334798310E+00,+1.4083668217E+00
+294.0000E-06,+4.9297109868E+00,+1.4083668217E+00
+294.2500E-06,+4.8920225450E+00,+1.4083668217E+00
+294.5000E-06,+4.9975501820E+00,+1.4083668217E+00
+294.7500E-06,+4.9573491774E+00,+1.4083668217E+00
+295.0000E-06,+4.9699119914E+00,+1.4083668217E+00
+295.2500E-06,+4.9686557100E+00,+1.4236934547E+00
+295.5000E-06,+4.9560928961E+00,+1.4164070226E+00
+295.7500E-06,+4.9259421426E+00,+1.4116331533E+00
+296.0000E-06,+4.9636305844E+00,+1.4083668217E+00
+296.2500E-06,+4.8920225450E+00,+1.4083668217E+00
+296.5000E-06,+4.9435300821E+00,+1.4083668217E+00
+296.7500E-06,+4.9661431472E+00,+1.4083668217E+00
+297.0000E-06,+4.9975501820E+00,+1.4003266208E+00
+297.2500E-06,+4.9900124937E+00,+1.4083668217E+00
+297.5000E-06,+4.9837310867E+00,+1.4030904399E+00
+297.7500E-06,+4.9498114891E+00,+1.4083668217E+00
+298.0000E-06,+4.9699119914E+00,+1.4003266208E+00
+298.2500E-06,+4.9133793287E+00,+1.4003266208E+00
+298.5000E-06,+4.9435300821E+00,+1.4030904399E+00
+298.7500E-06,+4.9736808356E+00,+1.4035929524E+00
+299.0000E-06,+5.0038315890E+00,+1.4003266208E+00
+299.2500E-06,+4.9975501820E+00,+1.4083668217E+00
+299.5000E-06,+4.9975501820E+00,+1.3681658171E+00
+299.7500E-06,+4.9900124937E+00,+1.4003266208E+00
+300.0000E-06,+5.0038315890E+00,+1.4151507412E+00
+300.2500E-06,+4.9171481729E+00,+1.4164070226E+00
+300.5000E-06,+4.9699119914E+00,+1.4083668217E+00
+300.7500E-06,+4.9736808356E+00,+1.4083668217E+00
+301.0000E-06,+4.9297109868E+00,+1.4083668217E+00
+301.2500E-06,+5.0264446541E+00,+1.4083668217E+00
+301.5000E-06,+5.0101129960E+00,+1.4164070226E+00
+301.7500E-06,+4.9661431472E+00,+1.4196733542E+00
+302.0000E-06,+4.9975501820E+00,+1.4164070226E+00
+302.2500E-06,+4.9975501820E+00,+1.4164070226E+00
+302.5000E-06,+4.9837310867E+00,+1.4083668217E+00
+302.7500E-06,+4.9975501820E+00,+1.4083668217E+00
+303.0000E-06,+4.9975501820E+00,+1.4083668217E+00
+303.2500E-06,+4.9937813379E+00,+1.4083668217E+00
+303.5000E-06,+4.9699119914E+00,+1.4111306408E+00
+303.7500E-06,+4.9975501820E+00,+1.4083668217E+00
+304.0000E-06,+5.0038315890E+00,+1.4003266208E+00
+304.2500E-06,+5.0264446541E+00,+1.4010803896E+00
+304.5000E-06,+4.9962939007E+00,+1.4083668217E+00
+304.7500E-06,+5.0214195285E+00,+1.4035929524E+00
+305.0000E-06,+5.0377511866E+00,+1.4083668217E+00
+305.2500E-06,+4.9937813379E+00,+1.4083668217E+00
+305.5000E-06,+5.0377511866E+00,+1.4083668217E+00
+305.7500E-06,+5.0779521912E+00,+1.3777135557E+00
+306.0000E-06,+4.9824748053E+00,+1.4003266208E+00
+306.2500E-06,+4.9975501820E+00,+1.4091205905E+00
+306.5000E-06,+4.9975501820E+00,+1.4164070226E+00
+306.7500E-06,+5.0302134983E+00,+1.4164070226E+00
+307.0000E-06,+5.0101129960E+00,+1.4164070226E+00
+307.2500E-06,+5.0264446541E+00,+1.4164070226E+00
+307.5000E-06,+5.0364949053E+00,+1.4136432036E+00
+307.7500E-06,+4.9975501820E+00,+1.4131406910E+00
+308.0000E-06,+4.9975501820E+00,+1.4244472235E+00
+308.2500E-06,+5.0226758099E+00,+1.4164070226E+00
+308.5000E-06,+5.0239320913E+00,+1.4164070226E+00
+308.7500E-06,+5.0377511866E+00,+1.4164070226E+00
+309.0000E-06,+5.0038315890E+00,+1.4164070226E+00
+309.2500E-06,+5.0339823425E+00,+1.4164070226E+00
+309.5000E-06,+5.0503140006E+00,+1.4164070226E+00
+309.7500E-06,+5.0302134983E+00,+1.4116331533E+00
+310.0000E-06,+5.0101129960E+00,+1.4083668217E+00
+310.2500E-06,+5.0377511866E+00,+1.4156532538E+00
+310.5000E-06,+5.0503140006E+00,+1.4083668217E+00
+310.7500E-06,+5.0540828448E+00,+1.4116331533E+00
+311.0000E-06,+5.0101129960E+00,+1.4151507412E+00
+311.2500E-06,+5.0704145029E+00,+1.4083668217E+00
+311.5000E-06,+5.0239320913E+00,+1.4136432036E+00
+311.7500E-06,+5.0302134983E+00,+1.4164070226E+00
+312.0000E-06,+4.8832285752E+00,+1.3465577771E+00
+312.2500E-06,+5.0377511866E+00,+1.4003266208E+00
+312.5000E-06,+5.0641330959E+00,+1.4164070226E+00
+312.7500E-06,+5.0302134983E+00,+1.4196733542E+00
+313.0000E-06,+5.0038315890E+00,+1.4244472235E+00
+313.2500E-06,+5.0704145029E+00,+1.4244472235E+00
+313.5000E-06,+5.0239320913E+00,+1.4164070226E+00
+313.7500E-06,+5.0540828448E+00,+1.4164070226E+00
+314.0000E-06,+5.0440325936E+00,+1.4231909421E+00
+314.2500E-06,+5.0704145029E+00,+1.4324874245E+00
+314.5000E-06,+5.0766959099E+00,+1.4244472235E+00
+314.7500E-06,+5.0465451564E+00,+1.4211808919E+00
+315.0000E-06,+5.0440325936E+00,+1.4244472235E+00
+315.2500E-06,+5.0741833471E+00,+1.4236934547E+00
+315.5000E-06,+5.0641330959E+00,+1.4164070226E+00
+315.7500E-06,+5.0779521912E+00,+1.4164070226E+00
+316.0000E-06,+5.0314697797E+00,+1.4164070226E+00
+316.2500E-06,+5.0741833471E+00,+1.4164070226E+00
+316.5000E-06,+5.0503140006E+00,+1.4164070226E+00
+316.7500E-06,+5.0779521912E+00,+1.4164070226E+00
+317.0000E-06,+5.0251883727E+00,+1.4164070226E+00
+317.2500E-06,+5.0339823425E+00,+1.4164070226E+00
+317.5000E-06,+4.9975501820E+00,+1.4164070226E+00
+317.7500E-06,+5.0377511866E+00,+1.4164070226E+00
+318.0000E-06,+5.0779521912E+00,+1.4164070226E+00
+318.2500E-06,+5.1545853563E+00,+1.4214321482E+00
+318.5000E-06,+5.0766959099E+00,+1.4164070226E+00
+318.7500E-06,+5.0452888750E+00,+1.4196733543E+00
+319.0000E-06,+5.0716707843E+00,+1.4244472235E+00
+319.2500E-06,+5.0377511866E+00,+1.4244472235E+00
+319.5000E-06,+4.9988064634E+00,+1.4244472235E+00
+319.7500E-06,+5.0302134983E+00,+1.4292210928E+00
+320.0000E-06,+5.0716707843E+00,+1.4244472235E+00
+320.2500E-06,+5.1068466633E+00,+1.4244472235E+00
+320.5000E-06,+5.0641330959E+00,+1.4324874245E+00
+320.7500E-06,+5.0289572169E+00,+1.4324874245E+00
+321.0000E-06,+5.0591079703E+00,+1.4244472235E+00
+321.2500E-06,+5.0741833471E+00,+1.4244472235E+00
+321.5000E-06,+5.0779521912E+00,+1.4244472235E+00
+321.7500E-06,+5.0616205331E+00,+1.4244472235E+00
+322.0000E-06,+5.0528265633E+00,+1.4244472235E+00
+322.2500E-06,+5.0741833471E+00,+1.4244472235E+00
+322.5000E-06,+5.0251883727E+00,+1.4164070226E+00
+322.7500E-06,+5.0126255587E+00,+1.4244472235E+00
+323.0000E-06,+5.0465451563E+00,+1.4244472235E+00
+323.2500E-06,+5.0741833471E+00,+1.4171607915E+00
+323.5000E-06,+5.0515702820E+00,+1.4164070226E+00
+323.7500E-06,+4.9962939006E+00,+1.4211808919E+00
+324.0000E-06,+5.0189069657E+00,+1.4244472235E+00
+324.2500E-06,+5.0779521912E+00,+1.4244472235E+00
+324.5000E-06,+5.0390074680E+00,+1.4244472235E+00
+324.7500E-06,+4.9158918914E+00,+1.3955527515E+00
+325.0000E-06,+5.0591079703E+00,+1.4164070226E+00
+325.2500E-06,+5.0704145029E+00,+1.4324874245E+00
+325.5000E-06,+4.9322235495E+00,+1.4324874245E+00
+325.7500E-06,+5.0126255587E+00,+1.4324874245E+00
+326.0000E-06,+5.0528265633E+00,+1.4257035049E+00
+326.2500E-06,+5.0377511866E+00,+1.4317336556E+00
+326.5000E-06,+4.9460426448E+00,+1.4297236054E+00
+326.7500E-06,+5.0126255587E+00,+1.4324874245E+00
+327.0000E-06,+4.9234295798E+00,+1.4405276254E+00
+327.2500E-06,+4.9284547054E+00,+1.4324874245E+00
+327.5000E-06,+4.9322235495E+00,+1.4324874245E+00
+327.7500E-06,+5.0289572168E+00,+1.4277135552E+00
+328.0000E-06,+5.0251883727E+00,+1.4324874245E+00
+328.2500E-06,+4.9686557100E+00,+1.4317336556E+00
+328.5000E-06,+4.9988064634E+00,+1.4244472235E+00
+328.7500E-06,+4.9410175193E+00,+1.4244472235E+00
+329.0000E-06,+4.9359923938E+00,+1.4244472235E+00
+329.2500E-06,+4.9322235495E+00,+1.4244472235E+00
+329.5000E-06,+4.9724245541E+00,+1.4244472235E+00
+329.7500E-06,+4.9724245541E+00,+1.4277135552E+00
+330.0000E-06,+4.9975501820E+00,+1.4244472235E+00
+330.2500E-06,+4.9686557099E+00,+1.4244472235E+00
+330.5000E-06,+4.9322235495E+00,+1.4244472235E+00
+330.7500E-06,+5.0377511866E+00,+1.4324874245E+00
+331.0000E-06,+5.1520727934E+00,+1.3669095357E+00
+331.2500E-06,+4.9171481729E+00,+1.4244472235E+00
+331.5000E-06,+4.9322235495E+00,+1.4324874245E+00
+331.7500E-06,+4.8769471683E+00,+1.4324874245E+00
+332.0000E-06,+4.9297109868E+00,+1.4337437059E+00
+332.2500E-06,+4.9322235495E+00,+1.4405276254E+00
+332.5000E-06,+4.9460426448E+00,+1.4324874245E+00
+332.7500E-06,+5.0289572168E+00,+1.4324874245E+00
+333.0000E-06,+4.9636305844E+00,+1.4324874245E+00
+333.2500E-06,+4.9686557099E+00,+1.4405276254E+00
+333.5000E-06,+5.0113692774E+00,+1.4405276254E+00
+333.7500E-06,+4.8769471683E+00,+1.4372612938E+00
+334.0000E-06,+5.0038315890E+00,+1.4324874245E+00
+334.2500E-06,+4.8957913891E+00,+1.4324874245E+00
+334.5000E-06,+4.8769471683E+00,+1.4324874245E+00
+334.7500E-06,+5.0050878704E+00,+1.4292210928E+00
+335.0000E-06,+4.9297109868E+00,+1.4324874245E+00
+335.2500E-06,+4.9284547053E+00,+1.4324874245E+00
+335.5000E-06,+4.9849873681E+00,+1.4272110426E+00
+335.7500E-06,+4.9259421427E+00,+1.4244472235E+00
+336.0000E-06,+4.9297109868E+00,+1.4244472235E+00
+336.2500E-06,+4.9133793287E+00,+1.4244472235E+00
+336.5000E-06,+4.9045853589E+00,+1.4324874245E+00
+336.7500E-06,+4.9498114891E+00,+1.4324874245E+00
+337.0000E-06,+4.8957913892E+00,+1.4380150626E+00
+337.2500E-06,+4.7676506870E+00,+1.3834924501E+00
+337.5000E-06,+4.9171481729E+00,+1.4164070226E+00
+337.7500E-06,+4.9498114891E+00,+1.4324874245E+00
+338.0000E-06,+5.0038315890E+00,+1.4324874245E+00
+338.2500E-06,+4.9648868658E+00,+1.4397738565E+00
+338.5000E-06,+4.9837310867E+00,+1.4352512435E+00
+338.7500E-06,+4.9259421427E+00,+1.4372612938E+00
+339.0000E-06,+4.9636305844E+00,+1.4405276254E+00
+339.2500E-06,+4.9975501820E+00,+1.4397738565E+00
+339.5000E-06,+4.9699119914E+00,+1.4432914444E+00
+339.7500E-06,+4.9498114891E+00,+1.4453014947E+00
+340.0000E-06,+4.9975501820E+00,+1.4405276254E+00
+340.2500E-06,+4.9900124937E+00,+1.4405276254E+00
+340.5000E-06,+4.9699119914E+00,+1.4324874245E+00
+340.7500E-06,+4.9259421427E+00,+1.4324874245E+00
+341.0000E-06,+4.9975501820E+00,+1.4337437059E+00
+341.2500E-06,+4.9171481729E+00,+1.4397738565E+00
+341.5000E-06,+4.9560928961E+00,+1.4324874245E+00
+341.7500E-06,+4.9736808356E+00,+1.4324874245E+00
+342.0000E-06,+4.9297109868E+00,+1.4324874245E+00
+342.2500E-06,+4.9900124937E+00,+1.4324874245E+00
+342.5000E-06,+4.9699119914E+00,+1.4324874245E+00
+342.7500E-06,+4.9259421427E+00,+1.4324874245E+00
+343.0000E-06,+5.0038315890E+00,+1.4324874245E+00
+343.2500E-06,+4.9937813379E+00,+1.4324874245E+00
+343.5000E-06,+4.9560928961E+00,+1.4405276254E+00
+343.7500E-06,+5.0063441519E+00,+1.4164070226E+00
+344.0000E-06,+5.0038315890E+00,+1.4324874245E+00
+344.2500E-06,+4.9900124937E+00,+1.4405276254E+00
+344.5000E-06,+4.9975501820E+00,+1.4405276254E+00
+344.7500E-06,+4.9661431473E+00,+1.4405276254E+00
+345.0000E-06,+5.0038315890E+00,+1.4405276254E+00
+345.2500E-06,+4.9937813379E+00,+1.4405276254E+00
+345.5000E-06,+4.9962939007E+00,+1.4405276254E+00
+345.7500E-06,+5.0138818402E+00,+1.4485678263E+00
+346.0000E-06,+4.9975501820E+00,+1.4485678263E+00
+346.2500E-06,+4.9975501820E+00,+1.4405276254E+00
+346.5000E-06,+4.9975501820E+00,+1.4405276254E+00
+346.7500E-06,+4.9975501820E+00,+1.4357537561E+00
+347.0000E-06,+5.0101129960E+00,+1.4324874245E+00
+347.2500E-06,+4.9862436496E+00,+1.4332411933E+00
+347.5000E-06,+4.9962939007E+00,+1.4352512435E+00
+347.7500E-06,+4.9736808356E+00,+1.4324874245E+00
+348.0000E-06,+4.9975501820E+00,+1.4324874245E+00
+348.2500E-06,+4.9975501820E+00,+1.4332411933E+00
+348.5000E-06,+4.9975501820E+00,+1.4324874245E+00
+348.7500E-06,+4.9975501820E+00,+1.4324874245E+00
+349.0000E-06,+5.0038315890E+00,+1.4312311431E+00
+349.2500E-06,+5.0339823425E+00,+1.4324874245E+00
+349.5000E-06,+5.0113692774E+00,+1.4324874245E+00
+349.7500E-06,+5.0138818402E+00,+1.4357537561E+00
+350.0000E-06,+4.9297109868E+00,+1.4164070226E+00
+350.2500E-06,+4.9975501820E+00,+1.4244472235E+00
+350.5000E-06,+5.0239320913E+00,+1.4377638063E+00
+350.7500E-06,+5.0138818402E+00,+1.4405276254E+00
+351.0000E-06,+5.0038315890E+00,+1.4405276254E+00
+351.2500E-06,+4.9975501820E+00,+1.4478140575E+00
+351.5000E-06,+5.0239320913E+00,+1.4405276254E+00
+351.7500E-06,+5.0377511866E+00,+1.4405276254E+00
+352.0000E-06,+5.0440325936E+00,+1.4405276254E+00
+352.2500E-06,+5.0377511866E+00,+1.4558542584E+00
+352.5000E-06,+5.0239320913E+00,+1.4405276254E+00
+352.7500E-06,+5.0138818402E+00,+1.4405276254E+00
+353.0000E-06,+5.0101129960E+00,+1.4405276254E+00
+353.2500E-06,+5.0339823425E+00,+1.4405276254E+00
+353.5000E-06,+4.9975501820E+00,+1.4352512435E+00
+353.7500E-06,+5.0302134983E+00,+1.4372612938E+00
+354.0000E-06,+5.0440325936E+00,+1.4324874245E+00
+354.2500E-06,+5.0339823425E+00,+1.4324874245E+00
+354.5000E-06,+5.0113692773E+00,+1.4324874245E+00
+354.7500E-06,+5.0138818402E+00,+1.4357537561E+00
+355.0000E-06,+5.0440325936E+00,+1.4324874245E+00
+355.2500E-06,+5.0339823425E+00,+1.4324874245E+00
+355.5000E-06,+5.0503140006E+00,+1.4324874245E+00
+355.7500E-06,+5.0302134983E+00,+1.4324874245E+00
+356.0000E-06,+5.0440325936E+00,+1.4405276254E+00
+356.2500E-06,+5.0779521912E+00,+1.3601256162E+00
+356.5000E-06,+5.0905150052E+00,+1.4272110426E+00
+356.7500E-06,+5.0377511866E+00,+1.4405276254E+00
+357.0000E-06,+4.9975501820E+00,+1.4405276254E+00
+357.2500E-06,+5.0377511866E+00,+1.4405276254E+00
+357.5000E-06,+5.0503140006E+00,+1.4405276254E+00
+357.7500E-06,+5.0377511866E+00,+1.4437939570E+00
+358.0000E-06,+5.0377511866E+00,+1.4337437059E+00
+358.2500E-06,+5.0704145029E+00,+1.4332411933E+00
+358.5000E-06,+5.0377511866E+00,+1.4538442082E+00
+358.7500E-06,+5.0377511866E+00,+1.4453014947E+00
+359.0000E-06,+5.0779521912E+00,+1.4405276254E+00
+359.2500E-06,+5.0339823425E+00,+1.4405276254E+00
+359.5000E-06,+5.0503140006E+00,+1.4352512435E+00
+359.7500E-06,+5.0214195285E+00,+1.4372612938E+00
+360.0000E-06,+4.9975501820E+00,+1.4324874245E+00
+360.2500E-06,+5.0741833471E+00,+1.4332411933E+00
+360.5000E-06,+5.0641330959E+00,+1.4324874245E+00
+360.7500E-06,+5.0616205331E+00,+1.4324874245E+00
+361.0000E-06,+5.0314697796E+00,+1.4324874245E+00
+361.2500E-06,+5.0339823425E+00,+1.4324874245E+00
+361.5000E-06,+5.0641330959E+00,+1.4324874245E+00
+361.7500E-06,+5.0289572168E+00,+1.4324874245E+00
+362.0000E-06,+5.0653893772E+00,+1.4324874245E+00
+362.2500E-06,+5.0704145029E+00,+1.4332411933E+00
+362.5000E-06,+5.0503140006E+00,+1.4164070226E+00
+362.7500E-06,+4.9410175193E+00,+1.4324874245E+00
+363.0000E-06,+5.0528265632E+00,+1.4257035049E+00
+363.2500E-06,+5.1143843517E+00,+1.4405276254E+00
+363.5000E-06,+5.0515702819E+00,+1.4405276254E+00
+363.7500E-06,+5.0050878703E+00,+1.4405276254E+00
+364.0000E-06,+5.0591079702E+00,+1.4417839068E+00
+364.2500E-06,+5.0704145029E+00,+1.4405276254E+00
+364.5000E-06,+5.0251883726E+00,+1.4405276254E+00
+364.7500E-06,+4.9962939005E+00,+1.4566080272E+00
+365.0000E-06,+5.0189069656E+00,+1.4485678263E+00
+365.2500E-06,+5.0779521912E+00,+1.4412813942E+00
+365.5000E-06,+4.9988064633E+00,+1.4405276254E+00
+365.7500E-06,+5.0452888749E+00,+1.4357537561E+00
+366.0000E-06,+4.9912687750E+00,+1.4324874245E+00
+366.2500E-06,+4.9284547053E+00,+1.4405276254E+00
+366.5000E-06,+4.9724245541E+00,+1.4324874245E+00
+366.7500E-06,+5.0050878703E+00,+1.4324874245E+00
+367.0000E-06,+4.9510677705E+00,+1.4324874245E+00
+367.2500E-06,+4.9284547053E+00,+1.4252009924E+00
+367.5000E-06,+5.0113692773E+00,+1.4297236054E+00
+367.7500E-06,+5.0126255586E+00,+1.4277135552E+00
+368.0000E-06,+5.0251883726E+00,+1.4324874245E+00
+368.2500E-06,+5.0741833471E+00,+1.4324874245E+00
+368.5000E-06,+4.9724245540E+00,+1.4324874245E+00
+368.7500E-06,+4.9887562122E+00,+1.4324874245E+00
+369.0000E-06,+4.9912687750E+00,+1.4003266208E+00
+369.2500E-06,+4.9322235495E+00,+1.4324874245E+00
+369.5000E-06,+4.9447863635E+00,+1.4405276254E+00
+369.7500E-06,+4.9246858612E+00,+1.4405276254E+00
+370.0000E-06,+5.0314697796E+00,+1.4405276254E+00
+370.2500E-06,+5.0415200308E+00,+1.4397738566E+00
+370.5000E-06,+4.9724245540E+00,+1.4405276254E+00
+370.7500E-06,+4.9724245540E+00,+1.4357537561E+00
+371.0000E-06,+4.9849873680E+00,+1.4405276254E+00
+371.2500E-06,+4.9284547053E+00,+1.4485678263E+00
+371.5000E-06,+4.9988064633E+00,+1.4405276254E+00
+371.7500E-06,+4.9485552076E+00,+1.4357537561E+00
+372.0000E-06,+4.8957913893E+00,+1.4324874245E+00
+372.2500E-06,+4.9686557099E+00,+1.4324874245E+00
+372.5000E-06,+4.9988064633E+00,+1.4324874245E+00
+372.7500E-06,+5.0214195285E+00,+1.4324874245E+00
+373.0000E-06,+5.0377511866E+00,+1.4324874245E+00
+373.2500E-06,+4.9284547053E+00,+1.4252009924E+00
+373.5000E-06,+4.9586054587E+00,+1.4377638063E+00
+373.7500E-06,+5.0214195285E+00,+1.4277135552E+00
+374.0000E-06,+4.9975501820E+00,+1.4312311431E+00
+374.2500E-06,+4.9648868657E+00,+1.4324874245E+00
+374.5000E-06,+4.9171481729E+00,+1.4324874245E+00
+374.7500E-06,+5.0214195285E+00,+1.4324874245E+00
+375.0000E-06,+4.9359923939E+00,+1.4324874245E+00
+375.2500E-06,+4.9975501820E+00,+1.4164070226E+00
+375.5000E-06,+4.8920225448E+00,+1.4244472235E+00
+375.7500E-06,+4.9096104846E+00,+1.4324874245E+00
+376.0000E-06,+4.9699119915E+00,+1.4405276254E+00
+376.2500E-06,+4.9284547053E+00,+1.4324874245E+00
+376.5000E-06,+4.9560928962E+00,+1.4324874245E+00
+376.7500E-06,+4.9410175193E+00,+1.4324874245E+00
+377.0000E-06,+4.9297109869E+00,+1.4324874245E+00
+377.2500E-06,+4.8920225448E+00,+1.4397738566E+00
+377.5000E-06,+5.0101129960E+00,+1.4432914444E+00
+377.7500E-06,+4.9498114892E+00,+1.4405276254E+00
+378.0000E-06,+4.9297109869E+00,+1.4337437059E+00
+378.2500E-06,+4.8807160124E+00,+1.4332411933E+00
+378.5000E-06,+4.9699119915E+00,+1.4324874245E+00
+378.7500E-06,+4.9498114892E+00,+1.4324874245E+00
+379.0000E-06,+4.9975501820E+00,+1.4324874245E+00
+379.2500E-06,+5.0013190262E+00,+1.4324874245E+00
+379.5000E-06,+4.9699119915E+00,+1.4244472235E+00
+379.7500E-06,+4.9498114892E+00,+1.4292210928E+00
+380.0000E-06,+4.8957913893E+00,+1.4244472235E+00
+380.2500E-06,+4.9611180216E+00,+1.4324874245E+00
+380.5000E-06,+4.9699119915E+00,+1.4244472235E+00
+380.7500E-06,+4.9259421427E+00,+1.4244472235E+00
+381.0000E-06,+4.9297109869E+00,+1.4324874245E+00
+381.2500E-06,+4.9900124938E+00,+1.4317336556E+00
+381.5000E-06,+4.8907662636E+00,+1.3654019981E+00
+381.7500E-06,+5.0138818402E+00,+1.4131406910E+00
+382.0000E-06,+4.9359923939E+00,+1.4324874245E+00
+382.2500E-06,+4.9900124938E+00,+1.4397738566E+00
+382.5000E-06,+4.9837310868E+00,+1.4324874245E+00
+382.7500E-06,+4.9975501820E+00,+1.4324874245E+00
+383.0000E-06,+4.9636305845E+00,+1.4324874245E+00
+383.2500E-06,+4.9900124938E+00,+1.4324874245E+00
+383.5000E-06,+4.9699119915E+00,+1.4324874245E+00
+383.7500E-06,+5.0138818402E+00,+1.4437939570E+00
+384.0000E-06,+4.9975501820E+00,+1.4405276254E+00
+384.2500E-06,+4.9937813379E+00,+1.4324874245E+00
+384.5000E-06,+4.9975501820E+00,+1.4324874245E+00
+384.7500E-06,+4.9975501820E+00,+1.4324874245E+00
+385.0000E-06,+4.9636305845E+00,+1.4257035049E+00
+385.2500E-06,+4.9900124938E+00,+1.4252009924E+00
+385.5000E-06,+4.9560928962E+00,+1.4244472235E+00
+385.7500E-06,+4.9736808356E+00,+1.4244472235E+00
+386.0000E-06,+5.0038315891E+00,+1.4257035049E+00
+386.2500E-06,+4.9900124938E+00,+1.4244472235E+00
+386.5000E-06,+4.9975501820E+00,+1.4216834045E+00
+386.7500E-06,+5.0377511866E+00,+1.4244472235E+00
+387.0000E-06,+5.0101129961E+00,+1.4244472235E+00
+387.2500E-06,+5.0264446542E+00,+1.4317336556E+00
+387.5000E-06,+4.9962939008E+00,+1.4244472235E+00
+387.7500E-06,+5.1018215377E+00,+1.3860050129E+00
+388.0000E-06,+4.9824748055E+00,+1.4299748617E+00
+388.2500E-06,+4.9900124938E+00,+1.4317336556E+00
+388.5000E-06,+4.9975501820E+00,+1.4244472235E+00
+388.7500E-06,+5.0302134984E+00,+1.4277135552E+00
+389.0000E-06,+5.0101129961E+00,+1.4324874245E+00
+389.2500E-06,+5.0226758101E+00,+1.4252009924E+00
+389.5000E-06,+4.9837310868E+00,+1.4272110426E+00
+389.7500E-06,+4.9975501820E+00,+1.4324874245E+00
+390.0000E-06,+5.0038315891E+00,+1.4405276254E+00
+390.2500E-06,+4.9937813379E+00,+1.4405276254E+00
+390.5000E-06,+5.0113692773E+00,+1.4324874245E+00
+390.7500E-06,+5.0302134984E+00,+1.4324874245E+00
+391.0000E-06,+5.0440325936E+00,+1.4312311431E+00
+391.2500E-06,+4.9975501820E+00,+1.4244472235E+00
+391.5000E-06,+4.9975501820E+00,+1.4244472235E+00
+391.7500E-06,+5.0540828448E+00,+1.4244472235E+00
+392.0000E-06,+5.0377511866E+00,+1.4244472235E+00
+392.2500E-06,+5.0704145030E+00,+1.4244472235E+00
+392.5000E-06,+5.0239320914E+00,+1.4191708417E+00
+392.7500E-06,+5.0302134984E+00,+1.4244472235E+00
+393.0000E-06,+5.0440325936E+00,+1.4231909421E+00
+393.2500E-06,+4.9975501820E+00,+1.4244472235E+00
+393.5000E-06,+5.0503140007E+00,+1.4244472235E+00
+393.7500E-06,+5.0302134984E+00,+1.4244472235E+00
+394.0000E-06,+5.0101129961E+00,+1.4244472235E+00
+394.2500E-06,+4.9975501820E+00,+1.3922864199E+00
+394.5000E-06,+5.0905150053E+00,+1.4111306408E+00
+394.7500E-06,+5.0138818402E+00,+1.4292210928E+00
+395.0000E-06,+5.0779521912E+00,+1.4324874245E+00
+395.2500E-06,+4.9975501820E+00,+1.4324874245E+00
+395.5000E-06,+5.0239320914E+00,+1.4272110426E+00
+395.7500E-06,+5.0377511866E+00,+1.4244472235E+00
+396.0000E-06,+5.0101129961E+00,+1.4244472235E+00
+396.2500E-06,+5.0704145030E+00,+1.4317336556E+00
+396.5000E-06,+5.0503140007E+00,+1.4324874245E+00
+396.7500E-06,+5.0138818402E+00,+1.4405276254E+00
+397.0000E-06,+5.0314697796E+00,+1.4324874245E+00
+397.2500E-06,+5.0339823425E+00,+1.4317336556E+00
+397.5000E-06,+5.0377511866E+00,+1.4244472235E+00
+397.7500E-06,+5.0540828448E+00,+1.4244472235E+00
+398.0000E-06,+5.0314697796E+00,+1.4244472235E+00
+398.2500E-06,+5.0013190262E+00,+1.4244472235E+00
+398.5000E-06,+5.0641330959E+00,+1.4244472235E+00
+398.7500E-06,+5.0779521912E+00,+1.4164070226E+00
+399.0000E-06,+5.0779521912E+00,+1.4244472235E+00
+399.2500E-06,+5.0704145030E+00,+1.4171607915E+00
+399.5000E-06,+5.0641330959E+00,+1.4191708417E+00
+399.7500E-06,+5.0377511866E+00,+1.4211808919E+00
+400.0000E-06,+5.0189069656E+00,+1.4164070226E+00
+400.2500E-06,+4.9975501820E+00,+1.4244472235E+00
+400.5000E-06,+5.1445351051E+00,+1.3736934552E+00
+400.7500E-06,+5.0452888749E+00,+1.4244472235E+00
+401.0000E-06,+5.0653893772E+00,+1.4244472235E+00
+401.2500E-06,+5.0741833471E+00,+1.4244472235E+00
+401.5000E-06,+5.0641330959E+00,+1.4324874245E+00
+401.7500E-06,+5.0289572167E+00,+1.4244472235E+00
+402.0000E-06,+5.0251883726E+00,+1.4244472235E+00
+402.2500E-06,+5.0779521912E+00,+1.4252009924E+00
+402.5000E-06,+5.0779521912E+00,+1.4244472235E+00
+402.7500E-06,+5.0138818402E+00,+1.4324874245E+00
+403.0000E-06,+5.0126255586E+00,+1.4324874245E+00
+403.2500E-06,+5.0741833471E+00,+1.4244472235E+00
+403.5000E-06,+5.0503140007E+00,+1.4244472235E+00
+403.7500E-06,+4.9724245540E+00,+1.4244472235E+00
+404.0000E-06,+5.0591079702E+00,+1.4244472235E+00
+404.2500E-06,+5.0779521912E+00,+1.4244472235E+00
+404.5000E-06,+5.0239320914E+00,+1.4216834045E+00
+404.7500E-06,+5.0616205331E+00,+1.4164070226E+00
+405.0000E-06,+5.0591079702E+00,+1.4231909421E+00
+405.2500E-06,+5.0704145030E+00,+1.4164070226E+00
+405.5000E-06,+5.0779521912E+00,+1.4216834045E+00
+405.7500E-06,+4.9962939004E+00,+1.4164070226E+00
+406.0000E-06,+4.9912687750E+00,+1.4164070226E+00
+406.2500E-06,+5.0779521912E+00,+1.4164070226E+00
+406.5000E-06,+5.0377511866E+00,+1.4216834045E+00
+406.7500E-06,+4.8681531984E+00,+1.3601256162E+00
+407.0000E-06,+5.0063441516E+00,+1.4015829022E+00
+407.2500E-06,+5.0415200308E+00,+1.4164070226E+00
+407.5000E-06,+5.0390074679E+00,+1.4244472235E+00
+407.7500E-06,+4.9887562121E+00,+1.4244472235E+00
+408.0000E-06,+5.0930275678E+00,+1.4244472235E+00
+408.2500E-06,+4.8920225448E+00,+1.4244472235E+00
+408.5000E-06,+4.9586054587E+00,+1.4244472235E+00
+408.7500E-06,+4.9887562121E+00,+1.4244472235E+00
+409.0000E-06,+5.0251883726E+00,+1.4324874245E+00
+409.2500E-06,+5.0741833471E+00,+1.4252009924E+00
+409.5000E-06,+4.9724245540E+00,+1.4244472235E+00
+409.7500E-06,+5.0126255586E+00,+1.4277135552E+00
+410.0000E-06,+5.0314697796E+00,+1.4244472235E+00
+410.2500E-06,+5.0415200308E+00,+1.4244472235E+00
+410.5000E-06,+5.0251883726E+00,+1.4191708417E+00
+410.7500E-06,+5.0050878703E+00,+1.4196733543E+00
+411.0000E-06,+5.0126255586E+00,+1.4244472235E+00
+411.2500E-06,+5.0050878703E+00,+1.4164070226E+00
+411.5000E-06,+4.9724245540E+00,+1.4216834045E+00
+411.7500E-06,+5.0126255586E+00,+1.4164070226E+00
+412.0000E-06,+4.8832285753E+00,+1.4151507412E+00
+412.2500E-06,+4.9284547053E+00,+1.4164070226E+00
+412.5000E-06,+4.9724245540E+00,+1.4164070226E+00
+412.7500E-06,+5.0452888749E+00,+1.4211808919E+00
+413.0000E-06,+4.8832285753E+00,+1.4244472235E+00
+413.2500E-06,+5.0050878703E+00,+1.4083668217E+00
+413.5000E-06,+4.9184044541E+00,+1.4191708417E+00
+413.7500E-06,+4.8932788264E+00,+1.4244472235E+00
+414.0000E-06,+4.9975501820E+00,+1.4244472235E+00
+414.2500E-06,+4.9322235494E+00,+1.4244472235E+00
+414.5000E-06,+4.9045853588E+00,+1.4244472235E+00
+414.7500E-06,+4.9171481729E+00,+1.4244472235E+00
+415.0000E-06,+4.9297109869E+00,+1.4244472235E+00
+415.2500E-06,+4.9322235494E+00,+1.4332411933E+00
+415.5000E-06,+4.9309672681E+00,+1.4324874245E+00
+415.7500E-06,+4.9975501820E+00,+1.4292210928E+00
+416.0000E-06,+4.9636305845E+00,+1.4244472235E+00
+416.2500E-06,+4.9284547052E+00,+1.4244472235E+00
+416.5000E-06,+5.0113692773E+00,+1.4164070226E+00
+416.7500E-06,+5.0214195285E+00,+1.4211808919E+00
+417.0000E-06,+4.8957913893E+00,+1.4244472235E+00
+417.2500E-06,+5.0050878703E+00,+1.4164070226E+00
+417.5000E-06,+4.9699119915E+00,+1.4191708417E+00
+417.7500E-06,+4.9573491774E+00,+1.4211808919E+00
+418.0000E-06,+4.9636305845E+00,+1.4164070226E+00
+418.2500E-06,+4.9209170170E+00,+1.4164070226E+00
+418.5000E-06,+4.9309672681E+00,+1.4164070226E+00
+418.7500E-06,+4.9573491774E+00,+1.4164070226E+00
+419.0000E-06,+4.8957913893E+00,+1.4164070226E+00
+419.2500E-06,+4.8807160124E+00,+1.4236934547E+00
+419.5000E-06,+4.8091079731E+00,+1.4003266208E+00
+419.7500E-06,+4.9498114892E+00,+1.4083668217E+00
+420.0000E-06,+4.9359923939E+00,+1.4244472235E+00
+420.2500E-06,+4.8844848565E+00,+1.4244472235E+00
+420.5000E-06,+4.9699119915E+00,+1.4244472235E+00
+420.7500E-06,+4.9259421428E+00,+1.4244472235E+00
+421.0000E-06,+4.9297109869E+00,+1.4244472235E+00
+421.2500E-06,+5.0226758101E+00,+1.4236934547E+00
+421.5000E-06,+4.9699119915E+00,+1.4244472235E+00
+421.7500E-06,+4.9498114892E+00,+1.4324874245E+00
+422.0000E-06,+4.9297109869E+00,+1.4244472235E+00
+422.2500E-06,+4.9900124938E+00,+1.4244472235E+00
+422.5000E-06,+4.9297109869E+00,+1.4244472235E+00
+422.7500E-06,+4.9259421428E+00,+1.4244472235E+00
+423.0000E-06,+4.9636305845E+00,+1.4244472235E+00
+423.2500E-06,+5.0264446543E+00,+1.4164070226E+00
+423.5000E-06,+4.9837310868E+00,+1.4164070226E+00
+423.7500E-06,+4.9259421428E+00,+1.4164070226E+00
+424.0000E-06,+4.8957913893E+00,+1.4164070226E+00
+424.2500E-06,+4.9900124938E+00,+1.4164070226E+00
+424.5000E-06,+4.9560928962E+00,+1.4191708417E+00
+424.7500E-06,+4.9259421428E+00,+1.4164070226E+00
+425.0000E-06,+4.9975501820E+00,+1.4164070226E+00
+425.2500E-06,+4.9937813379E+00,+1.4164070226E+00
+425.5000E-06,+4.9699119915E+00,+1.4164070226E+00
+425.7500E-06,+5.0302134984E+00,+1.3488190836E+00
+426.0000E-06,+5.0377511866E+00,+1.4151507412E+00
+426.2500E-06,+4.9937813379E+00,+1.4244472235E+00
+426.5000E-06,+4.9699119915E+00,+1.4244472235E+00
+426.7500E-06,+4.9975501820E+00,+1.4244472235E+00
+427.0000E-06,+4.9699119915E+00,+1.4244472235E+00
+427.2500E-06,+4.9900124938E+00,+1.4244472235E+00
+427.5000E-06,+4.9975501820E+00,+1.4244472235E+00
+427.7500E-06,+4.9736808356E+00,+1.4244472235E+00
+428.0000E-06,+5.0038315891E+00,+1.4324874245E+00
+428.2500E-06,+4.9862436497E+00,+1.4244472235E+00
+428.5000E-06,+4.9699119915E+00,+1.4297236054E+00
+428.7500E-06,+4.9975501820E+00,+1.4244472235E+00
+429.0000E-06,+5.0101129961E+00,+1.4244472235E+00
+429.2500E-06,+4.9862436497E+00,+1.4164070226E+00
+429.5000E-06,+4.9699119915E+00,+1.4244472235E+00
+429.7500E-06,+5.0138818402E+00,+1.4164070226E+00
+430.0000E-06,+5.0101129961E+00,+1.4164070226E+00
+430.2500E-06,+4.9862436497E+00,+1.4244472235E+00
+430.5000E-06,+4.9975501820E+00,+1.4164070226E+00
+430.7500E-06,+4.9975501820E+00,+1.4164070226E+00
+431.0000E-06,+5.0038315891E+00,+1.4164070226E+00
+431.2500E-06,+4.9862436497E+00,+1.4164070226E+00
+431.5000E-06,+4.9837310868E+00,+1.4164070226E+00
+431.7500E-06,+5.0302134984E+00,+1.4164070226E+00
+432.0000E-06,+5.0101129961E+00,+1.4003266208E+00
+432.2500E-06,+4.9535803333E+00,+1.4156532538E+00
+432.5000E-06,+4.9975501820E+00,+1.4164070226E+00
+432.7500E-06,+5.0302134984E+00,+1.4244472235E+00
+433.0000E-06,+5.0101129961E+00,+1.4244472235E+00
+433.2500E-06,+5.0339823425E+00,+1.4252009924E+00
+433.5000E-06,+5.0101129961E+00,+1.4244472235E+00
+433.7500E-06,+5.0138818402E+00,+1.4244472235E+00
+434.0000E-06,+5.0038315891E+00,+1.4244472235E+00
+434.2500E-06,+4.9975501820E+00,+1.4324874245E+00
+434.5000E-06,+5.0239320914E+00,+1.4324874245E+00
+434.7500E-06,+4.9900124938E+00,+1.4244472235E+00
+435.0000E-06,+5.0377511866E+00,+1.4244472235E+00
+435.2500E-06,+5.0339823425E+00,+1.4244472235E+00
+435.5000E-06,+4.9975501820E+00,+1.4244472235E+00
+435.7500E-06,+5.0302134984E+00,+1.4244472235E+00
+436.0000E-06,+5.0377511866E+00,+1.4244472235E+00
+436.2500E-06,+4.9975501820E+00,+1.4171607914E+00
+436.5000E-06,+4.9975501820E+00,+1.4164070226E+00
+436.7500E-06,+5.0138818402E+00,+1.4164070226E+00
+437.0000E-06,+4.9699119915E+00,+1.4164070226E+00
+437.2500E-06,+4.9975501820E+00,+1.4164070226E+00
+437.5000E-06,+5.0503140007E+00,+1.4216834045E+00
+437.7500E-06,+5.0138818402E+00,+1.4164070226E+00
+438.0000E-06,+5.0377511866E+00,+1.4164070226E+00
+438.2500E-06,+5.0339823425E+00,+1.4244472235E+00
+438.5000E-06,+5.0779521912E+00,+1.3950502389E+00
+438.7500E-06,+5.0540828448E+00,+1.4211808919E+00
+439.0000E-06,+5.0038315891E+00,+1.4244472235E+00
+439.2500E-06,+5.0339823425E+00,+1.4244472235E+00
+439.5000E-06,+5.0503140007E+00,+1.4244472235E+00
+439.7500E-06,+5.0138818402E+00,+1.4244472235E+00
+440.0000E-06,+5.0314697796E+00,+1.4244472235E+00
+440.2500E-06,+5.0704145030E+00,+1.4244472235E+00
+440.5000E-06,+5.0377511866E+00,+1.4272110426E+00
+440.7500E-06,+5.0540828448E+00,+1.4324874245E+00
+441.0000E-06,+5.0189069656E+00,+1.4244472235E+00
+441.2500E-06,+5.0339823425E+00,+1.4244472235E+00
+441.5000E-06,+5.0377511866E+00,+1.4244472235E+00
+441.7500E-06,+5.0138818402E+00,+1.4244472235E+00
+442.0000E-06,+5.0189069655E+00,+1.4244472235E+00
+442.2500E-06,+5.0704145030E+00,+1.4244472235E+00
+442.5000E-06,+5.0239320914E+00,+1.4191708417E+00
+442.7500E-06,+4.9648868657E+00,+1.4244472235E+00
+443.0000E-06,+5.0126255585E+00,+1.4176633040E+00
+443.2500E-06,+5.0704145030E+00,+1.4171607914E+00
+443.5000E-06,+5.0239320914E+00,+1.4164070226E+00
+443.7500E-06,+4.9812185239E+00,+1.4164070226E+00
+444.0000E-06,+5.0314697796E+00,+1.4176633040E+00
+444.2500E-06,+5.0741833471E+00,+1.4244472235E+00
+444.5000E-06,+5.0503140007E+00,+1.4244472235E+00
+444.7500E-06,+4.9648868657E+00,+1.4035929524E+00
+445.0000E-06,+4.9975501820E+00,+1.4176633040E+00
+445.2500E-06,+5.0704145030E+00,+1.4171607914E+00
+445.5000E-06,+5.0641330960E+00,+1.4244472235E+00
+445.7500E-06,+5.0377511866E+00,+1.4292210928E+00
+446.0000E-06,+5.0591079701E+00,+1.4312311431E+00
+446.2500E-06,+5.0339823425E+00,+1.4244472235E+00
+446.5000E-06,+4.9586054587E+00,+1.4297236054E+00
+446.7500E-06,+5.0377511866E+00,+1.4244472235E+00
+447.0000E-06,+5.0189069655E+00,+1.4324874245E+00
+447.2500E-06,+5.0013190262E+00,+1.4317336556E+00
+447.5000E-06,+5.0377511866E+00,+1.4297236054E+00
+447.7500E-06,+5.0050878703E+00,+1.4244472235E+00
+448.0000E-06,+4.9849873680E+00,+1.4257035050E+00
+448.2500E-06,+5.0415200308E+00,+1.4244472235E+00
+448.5000E-06,+4.9849873680E+00,+1.4244472235E+00
+448.7500E-06,+5.0377511866E+00,+1.4244472235E+00
+449.0000E-06,+4.9849873680E+00,+1.4176633040E+00
+449.2500E-06,+5.0339823425E+00,+1.4164070226E+00
+449.5000E-06,+5.0113692773E+00,+1.4164070226E+00
+449.7500E-06,+5.0050878703E+00,+1.4211808919E+00
+450.0000E-06,+4.9171481729E+00,+1.4244472235E+00
+450.2500E-06,+4.9648868657E+00,+1.4236934547E+00
+450.5000E-06,+4.9586054586E+00,+1.4244472235E+00
+450.7500E-06,+5.0126255585E+00,+1.4244472235E+00
+451.0000E-06,+4.9787059609E+00,+1.3453014958E+00
+451.2500E-06,+5.0050878703E+00,+1.4091205905E+00
+451.5000E-06,+4.9988064632E+00,+1.4297236054E+00
+451.7500E-06,+5.0050878703E+00,+1.4244472235E+00
+452.0000E-06,+4.9912687750E+00,+1.4324874245E+00
+452.2500E-06,+5.0050878703E+00,+1.4252009924E+00
+452.5000E-06,+4.9586054586E+00,+1.4272110426E+00
+452.7500E-06,+4.9975501820E+00,+1.4244472235E+00
+453.0000E-06,+4.9636305845E+00,+1.4257035050E+00
+453.2500E-06,+4.9322235493E+00,+1.4405276254E+00
+453.5000E-06,+4.9460426446E+00,+1.4324874245E+00
+453.7500E-06,+5.0214195285E+00,+1.4244472235E+00
+454.0000E-06,+4.9636305845E+00,+1.4244472235E+00
+454.2500E-06,+4.9284547052E+00,+1.4317336556E+00
+454.5000E-06,+4.9309672681E+00,+1.4244472235E+00
+454.7500E-06,+4.9887562121E+00,+1.4244472235E+00
+455.0000E-06,+4.9359923940E+00,+1.4244472235E+00
+455.2500E-06,+4.9648868657E+00,+1.4244472235E+00
+455.5000E-06,+4.9322235493E+00,+1.4244472235E+00
+455.7500E-06,+4.9724245539E+00,+1.4196733543E+00
+456.0000E-06,+4.9297109869E+00,+1.4231909421E+00
+456.2500E-06,+4.9322235493E+00,+1.4236934547E+00
+456.5000E-06,+4.9849873680E+00,+1.4244472235E+00
+456.7500E-06,+4.9736808356E+00,+1.4244472235E+00
+457.0000E-06,+4.9297109869E+00,+1.4244472235E+00
+457.2500E-06,+5.0088567144E+00,+1.3930401887E+00
+457.5000E-06,+4.9297109869E+00,+1.4244472235E+00
+457.7500E-06,+5.0050878703E+00,+1.4244472235E+00
+458.0000E-06,+4.9297109869E+00,+1.4244472235E+00
+458.2500E-06,+4.9322235493E+00,+1.4252009924E+00
+458.5000E-06,+4.9586054586E+00,+1.4324874245E+00
+458.7500E-06,+5.0214195285E+00,+1.4324874245E+00
+459.0000E-06,+4.9636305845E+00,+1.4324874245E+00
+459.2500E-06,+5.0013190262E+00,+1.4252009924E+00
+459.5000E-06,+4.9975501820E+00,+1.4405276254E+00
+459.7500E-06,+4.9975501820E+00,+1.4324874245E+00
+460.0000E-06,+4.9297109869E+00,+1.4324874245E+00
+460.2500E-06,+4.9975501820E+00,+1.4324874245E+00
+460.5000E-06,+4.9975501820E+00,+1.4272110426E+00
+460.7500E-06,+4.9498114892E+00,+1.4244472235E+00
+461.0000E-06,+4.9636305845E+00,+1.4324874245E+00
+461.2500E-06,+4.9862436497E+00,+1.4244472235E+00
+461.5000E-06,+4.9975501820E+00,+1.4244472235E+00
+461.7500E-06,+4.9661431474E+00,+1.4244472235E+00
+462.0000E-06,+4.9636305845E+00,+1.4244472235E+00
+462.2500E-06,+4.9246858611E+00,+1.4244472235E+00
+462.5000E-06,+4.9837310868E+00,+1.4244472235E+00
+462.7500E-06,+4.9498114892E+00,+1.4244472235E+00
+463.0000E-06,+4.9699119915E+00,+1.4244472235E+00
+463.2500E-06,+4.9900124938E+00,+1.4244472235E+00
+463.5000E-06,+4.9975501820E+00,+1.4244472235E+00
+463.7500E-06,+4.9975501820E+00,+1.3875125506E+00
+464.0000E-06,+5.0377511866E+00,+1.4164070226E+00
+464.2500E-06,+4.9900124938E+00,+1.4324874245E+00
+464.5000E-06,+5.0101129961E+00,+1.4272110426E+00
+464.7500E-06,+4.9498114892E+00,+1.4324874245E+00
+465.0000E-06,+5.0038315891E+00,+1.4324874245E+00
+465.2500E-06,+4.9937813379E+00,+1.4252009924E+00
+465.5000E-06,+4.9699119915E+00,+1.4244472235E+00
+465.7500E-06,+4.9661431474E+00,+1.4324874245E+00
+466.0000E-06,+4.9359923940E+00,+1.4337437059E+00
+466.2500E-06,+4.9937813379E+00,+1.4324874245E+00
+466.5000E-06,+4.9699119915E+00,+1.4324874245E+00
+466.7500E-06,+4.9736808356E+00,+1.4277135552E+00
+467.0000E-06,+4.9699119915E+00,+1.4257035050E+00
+467.2500E-06,+4.9937813379E+00,+1.4324874245E+00
+467.5000E-06,+4.9837310868E+00,+1.4324874245E+00
+467.7500E-06,+4.9736808356E+00,+1.4277135552E+00
+468.0000E-06,+5.0440325937E+00,+1.4244472235E+00
+468.2500E-06,+4.9937813379E+00,+1.4244472235E+00
+468.5000E-06,+5.0239320914E+00,+1.4244472235E+00
+468.7500E-06,+5.0138818402E+00,+1.4244472235E+00
+469.0000E-06,+5.0038315891E+00,+1.4244472235E+00
+469.2500E-06,+4.9975501820E+00,+1.4244472235E+00
+469.5000E-06,+4.9975501820E+00,+1.4244472235E+00
+469.7500E-06,+4.9975501820E+00,+1.4324874245E+00
+470.0000E-06,+5.0905150053E+00,+1.3978140580E+00
+470.2500E-06,+4.9573491774E+00,+1.4244472235E+00
+470.5000E-06,+5.0101129961E+00,+1.4324874245E+00
+470.7500E-06,+5.0377511866E+00,+1.4324874245E+00
+471.0000E-06,+4.9975501820E+00,+1.4324874245E+00
+471.2500E-06,+5.0339823425E+00,+1.4390200877E+00
+471.5000E-06,+4.9975501820E+00,+1.4324874245E+00
+471.7500E-06,+5.0138818402E+00,+1.4277135552E+00
+472.0000E-06,+5.0038315891E+00,+1.4324874245E+00
+472.2500E-06,+4.9937813379E+00,+1.4405276254E+00
+472.5000E-06,+5.0503140007E+00,+1.4324874245E+00
+472.7500E-06,+5.0302134984E+00,+1.4324874245E+00
+473.0000E-06,+5.0101129961E+00,+1.4324874245E+00
+473.2500E-06,+5.0339823425E+00,+1.4324874245E+00
+473.5000E-06,+5.0239320914E+00,+1.4272110426E+00
+473.7500E-06,+5.0302134984E+00,+1.4244472235E+00
+474.0000E-06,+5.0440325937E+00,+1.4244472235E+00
+474.2500E-06,+5.0339823425E+00,+1.4252009924E+00
+474.5000E-06,+5.0239320914E+00,+1.4244472235E+00
+474.7500E-06,+5.0540828448E+00,+1.4244472235E+00
+475.0000E-06,+5.0101129961E+00,+1.4244472235E+00
+475.2500E-06,+5.0339823425E+00,+1.4244472235E+00
+475.5000E-06,+5.0239320914E+00,+1.4244472235E+00
+475.7500E-06,+5.0138818402E+00,+1.4244472235E+00
+476.0000E-06,+5.0101129961E+00,+1.4244472235E+00
+476.2500E-06,+4.8769471683E+00,+1.3593718474E+00
+476.5000E-06,+5.0503140007E+00,+1.4136432036E+00
+476.7500E-06,+5.0138818402E+00,+1.4292210928E+00
+477.0000E-06,+5.0377511866E+00,+1.4312311431E+00
+477.2500E-06,+5.0339823425E+00,+1.4252009924E+00
+477.5000E-06,+5.0377511866E+00,+1.4324874245E+00
+477.7500E-06,+5.0540828448E+00,+1.4292210928E+00
+478.0000E-06,+5.0440325937E+00,+1.4312311431E+00
+478.2500E-06,+4.9975501820E+00,+1.4324874245E+00
+478.5000E-06,+5.0641330960E+00,+1.4405276254E+00
+478.7500E-06,+5.0377511866E+00,+1.4372612937E+00
+479.0000E-06,+5.0377511866E+00,+1.4324874245E+00
+479.2500E-06,+5.0339823425E+00,+1.4397738566E+00
+479.5000E-06,+5.0641330960E+00,+1.4272110426E+00
+479.7500E-06,+5.0302134984E+00,+1.4292210928E+00
+480.0000E-06,+5.0251883725E+00,+1.4324874245E+00
+480.2500E-06,+5.0339823425E+00,+1.4324874245E+00
+480.5000E-06,+5.0503140007E+00,+1.4244472235E+00
+480.7500E-06,+5.0540828448E+00,+1.4277135552E+00
+481.0000E-06,+5.0779521912E+00,+1.4244472235E+00
+481.2500E-06,+5.0741833471E+00,+1.4244472235E+00
+481.5000E-06,+5.0503140007E+00,+1.4244472235E+00
+481.7500E-06,+5.0540828448E+00,+1.4244472235E+00
+482.0000E-06,+5.0251883725E+00,+1.4189195854E+00
+482.2500E-06,+5.0704145030E+00,+1.4244472235E+00
+482.5000E-06,+4.9988064632E+00,+1.4239447111E+00
+482.7500E-06,+5.0540828448E+00,+1.4211808919E+00
+483.0000E-06,+5.0716707842E+00,+1.4257035050E+00
+483.2500E-06,+5.0339823425E+00,+1.4324874245E+00
+483.5000E-06,+5.0503140007E+00,+1.4324874245E+00
+483.7500E-06,+5.0540828448E+00,+1.4324874245E+00
+484.0000E-06,+4.9912687750E+00,+1.4257035050E+00
+484.2500E-06,+5.0339823425E+00,+1.4324874245E+00
+484.5000E-06,+5.0503140007E+00,+1.4324874245E+00
+484.7500E-06,+5.0138818402E+00,+1.4453014947E+00
+485.0000E-06,+5.0528265630E+00,+1.4405276254E+00
+485.2500E-06,+5.0741833471E+00,+1.4324874245E+00
+485.5000E-06,+5.0503140007E+00,+1.4324874245E+00
+485.7500E-06,+4.9975501820E+00,+1.4324874245E+00
+486.0000E-06,+5.0465451560E+00,+1.4257035050E+00
+486.2500E-06,+5.0013190261E+00,+1.4244472235E+00
+486.5000E-06,+5.0515702819E+00,+1.4324874245E+00
+486.7500E-06,+4.9962939002E+00,+1.4244472235E+00
+487.0000E-06,+5.0653893771E+00,+1.4231909421E+00
+487.2500E-06,+5.0415200307E+00,+1.4244472235E+00
+487.5000E-06,+5.0377511866E+00,+1.4244472235E+00
+487.7500E-06,+4.9962939002E+00,+1.4244472235E+00
