x-axis,1,3
second,Volt,Volt
-9.000000E+00,,
-8.992969E+00,-2.434E-03,+2.157074E+00
-8.985938E+00,-2.434E-03,+2.158331E+00
-8.978906E+00,-2.434E-03,+2.157074E+00
-8.971875E+00,-2.434E-03,+2.157074E+00
-8.964844E+00,+3.728722E+00,+2.157074E+00
-8.957813E+00,+4.964903E+00,+2.159587E+00
-8.950781E+00,+4.962390E+00,+2.164612E+00
-8.943750E+00,+4.962390E+00,+2.170894E+00
-8.936719E+00,+4.962390E+00,+2.179687E+00
-8.929687E+00,+4.962390E+00,+2.187225E+00
-8.922656E+00,+4.962390E+00,+2.196019E+00
-8.915625E+00,+4.962390E+00,+2.203557E+00
-8.908594E+00,+4.962390E+00,+2.211095E+00
-8.901562E+00,+4.962390E+00,+2.219888E+00
-8.894531E+00,+4.962390E+00,+2.227426E+00
-8.887500E+00,+4.962390E+00,+2.234964E+00
-8.880469E+00,+4.962390E+00,+2.242502E+00
-8.873437E+00,+4.962390E+00,+2.248783E+00
-8.866406E+00,+4.962390E+00,+2.255064E+00
-8.859375E+00,+4.962390E+00,+2.262602E+00
-8.852344E+00,+4.962390E+00,+2.268883E+00
-8.845312E+00,+4.962390E+00,+2.273909E+00
-8.838281E+00,+4.962390E+00,+2.281446E+00
-8.831250E+00,+4.962390E+00,+2.286471E+00
-8.824219E+00,+4.962390E+00,+2.292753E+00
-8.817187E+00,+4.962390E+00,+2.297778E+00
-8.810156E+00,+4.962390E+00,+2.302803E+00
-8.803125E+00,+4.962390E+00,+2.309084E+00
-8.796094E+00,+4.962390E+00,+2.314110E+00
-8.789062E+00,+4.962390E+00,+2.317878E+00
-8.782031E+00,+4.962390E+00,+2.322904E+00
-8.775000E+00,+4.962390E+00,+2.326672E+00
-8.767969E+00,+4.962390E+00,+2.330441E+00
-8.760937E+00,+4.962390E+00,+2.334210E+00
-8.753906E+00,+4.959877E+00,+2.337979E+00
-8.746875E+00,+4.959877E+00,+2.341748E+00
-8.739844E+00,+4.962390E+00,+2.345517E+00
-8.732812E+00,+4.962390E+00,+2.349285E+00
-8.725781E+00,+4.962390E+00,+2.353054E+00
-8.718750E+00,+4.962390E+00,+2.356823E+00
-8.711719E+00,+4.962390E+00,+2.360592E+00
-8.704687E+00,+4.962390E+00,+2.364361E+00
-8.697656E+00,+4.962390E+00,+2.366873E+00
-8.690625E+00,+4.962390E+00,+2.370642E+00
-8.683594E+00,+4.962390E+00,+2.373155E+00
-8.676562E+00,+4.962390E+00,+2.376924E+00
-8.669531E+00,+4.962390E+00,+2.379436E+00
-8.662500E+00,+4.962390E+00,+2.381949E+00
-8.655469E+00,+4.962390E+00,+2.385718E+00
-8.648437E+00,+4.962390E+00,+2.388230E+00
-8.641406E+00,+4.962390E+00,+2.390743E+00
-8.634375E+00,+4.962390E+00,+2.393255E+00
-8.627344E+00,+4.962390E+00,+2.395768E+00
-8.620312E+00,+4.962390E+00,+2.399537E+00
-8.613281E+00,+4.962390E+00,+2.400793E+00
-8.606250E+00,+4.962390E+00,+2.403306E+00
-8.599219E+00,+4.962390E+00,+2.407074E+00
-8.592187E+00,+4.962390E+00,+2.408331E+00
-8.585156E+00,+4.962390E+00,+2.410843E+00
-8.578125E+00,+4.962390E+00,+2.413356E+00
-8.571094E+00,+4.962390E+00,+2.415868E+00
-8.564062E+00,+4.962390E+00,+2.418381E+00
-8.557031E+00,+4.962390E+00,+2.420894E+00
-8.550000E+00,+4.962390E+00,+2.422150E+00
-8.542969E+00,+4.962390E+00,+2.424662E+00
-8.535937E+00,+4.962390E+00,+2.427175E+00
-8.528906E+00,+4.962390E+00,+2.428431E+00
-8.521875E+00,+4.962390E+00,+2.430944E+00
-8.514844E+00,+4.962390E+00,+2.432200E+00
-8.507812E+00,+4.962390E+00,+2.434713E+00
-8.500781E+00,+4.962390E+00,+2.437225E+00
-8.493750E+00,+4.962390E+00,+2.438481E+00
-8.486719E+00,+4.962390E+00,+2.440994E+00
-8.479687E+00,+4.962390E+00,+2.443507E+00
-8.472656E+00,+4.962390E+00,+2.444763E+00
-8.465625E+00,+4.962390E+00,+2.447275E+00
-8.458594E+00,+4.962390E+00,+2.448532E+00
-8.451562E+00,+4.962390E+00,+2.449788E+00
-8.444531E+00,+4.962390E+00,+2.451044E+00
-8.437500E+00,+4.962390E+00,+2.453557E+00
-8.430469E+00,+4.962390E+00,+2.454813E+00
-8.423437E+00,+4.962390E+00,+2.456069E+00
-8.416406E+00,+4.962390E+00,+2.458582E+00
-8.409375E+00,+4.962390E+00,+2.458582E+00
-8.402344E+00,+4.962390E+00,+2.461095E+00
-8.395312E+00,+4.962390E+00,+2.462351E+00
-8.388281E+00,+4.962390E+00,+2.463607E+00
-8.381250E+00,+4.962390E+00,+2.466120E+00
-8.374219E+00,+4.962390E+00,+2.466120E+00
-8.367187E+00,+4.962390E+00,+2.467376E+00
-8.360156E+00,+4.962390E+00,+2.469888E+00
-8.353125E+00,+4.962390E+00,+2.471145E+00
-8.346094E+00,+4.962390E+00,+2.472401E+00
-8.339062E+00,+4.962390E+00,+2.473657E+00
-8.332031E+00,+4.962390E+00,+2.474914E+00
-8.325000E+00,+4.962390E+00,+2.474914E+00
-8.317969E+00,+4.962390E+00,+2.476170E+00
-8.310937E+00,+4.962390E+00,+2.477426E+00
-8.303906E+00,+4.962390E+00,+2.478682E+00
-8.296875E+00,+4.962390E+00,+2.479939E+00
-8.289844E+00,+4.962390E+00,+2.481195E+00
-8.282812E+00,+4.962390E+00,+2.482451E+00
-8.275781E+00,+4.962390E+00,+2.483708E+00
-8.268750E+00,+4.962390E+00,+2.484964E+00
-8.261719E+00,+4.962390E+00,+2.486220E+00
-8.254687E+00,+4.962390E+00,+2.486220E+00
-8.247656E+00,+4.962390E+00,+2.487476E+00
-8.240625E+00,+4.964903E+00,+2.488733E+00
-8.233594E+00,+4.962390E+00,+2.488733E+00
-8.226562E+00,+4.962390E+00,+2.489989E+00
-8.219531E+00,+4.962390E+00,+2.491245E+00
-8.212500E+00,+4.962390E+00,+2.492502E+00
-8.205469E+00,+4.962390E+00,+2.493758E+00
-8.198437E+00,+4.962390E+00,+2.495014E+00
-8.191406E+00,+4.962390E+00,+2.495014E+00
-8.184375E+00,+4.962390E+00,+2.496270E+00
-8.177344E+00,+4.964903E+00,+2.496270E+00
-8.170312E+00,+4.962390E+00,+2.497527E+00
-8.163281E+00,+4.962390E+00,+2.498783E+00
-8.156250E+00,+4.962390E+00,+2.498783E+00
-8.149219E+00,+4.962390E+00,+2.500039E+00
-8.142187E+00,+4.962390E+00,+2.501296E+00
-8.135156E+00,+4.962390E+00,+2.501296E+00
-8.128125E+00,+4.962390E+00,+2.502552E+00
-8.121094E+00,+4.962390E+00,+2.502552E+00
-8.114062E+00,+4.962390E+00,+2.503808E+00
-8.107031E+00,+4.962390E+00,+2.503808E+00
-8.100000E+00,+4.962390E+00,+2.505064E+00
-8.092969E+00,+4.962390E+00,+2.506321E+00
-8.085937E+00,+4.962390E+00,+2.506321E+00
-8.078906E+00,+4.962390E+00,+2.507577E+00
-8.071875E+00,+4.962390E+00,+2.507577E+00
-8.064844E+00,+4.962390E+00,+2.508833E+00
-8.057812E+00,+4.962390E+00,+2.508833E+00
-8.050781E+00,+4.962390E+00,+2.510089E+00
-8.043750E+00,+4.962390E+00,+2.511346E+00
-8.036719E+00,+4.962390E+00,+2.511346E+00
-8.029687E+00,+4.962390E+00,+2.511346E+00
-8.022656E+00,+4.962390E+00,+2.512602E+00
-8.015625E+00,+4.962390E+00,+2.513858E+00
-8.008594E+00,+4.962390E+00,+2.513858E+00
-8.001562E+00,+4.962390E+00,+2.513858E+00
-7.994531E+00,+4.962390E+00,+2.515115E+00
-7.987500E+00,+4.962390E+00,+2.515115E+00
-7.980469E+00,+4.962390E+00,+2.516371E+00
-7.973437E+00,+4.962390E+00,+2.516371E+00
-7.966406E+00,+4.962390E+00,+2.516371E+00
-7.959375E+00,+4.962390E+00,+2.517627E+00
-7.952344E+00,+4.962390E+00,+2.517627E+00
-7.945312E+00,+4.962390E+00,+2.517627E+00
-7.938281E+00,+4.962390E+00,+2.518883E+00
-7.931250E+00,+4.962390E+00,+2.520140E+00
-7.924219E+00,+4.962390E+00,+2.520140E+00
-7.917187E+00,+4.962390E+00,+2.520140E+00
-7.910156E+00,+4.962390E+00,+2.520140E+00
-7.903125E+00,+4.962390E+00,+2.521396E+00
-7.896094E+00,+4.962390E+00,+2.521396E+00
-7.889062E+00,+4.962390E+00,+2.521396E+00
-7.882031E+00,+4.962390E+00,+2.522652E+00
-7.875000E+00,+4.962390E+00,+2.522652E+00
-7.867969E+00,+4.962390E+00,+2.522652E+00
-7.860937E+00,+4.962390E+00,+2.523909E+00
-7.853906E+00,+4.962390E+00,+2.523909E+00
-7.846875E+00,+4.962390E+00,+2.523909E+00
-7.839844E+00,+4.962390E+00,+2.523909E+00
-7.832812E+00,+4.962390E+00,+2.523909E+00
-7.825781E+00,+4.962390E+00,+2.523909E+00
-7.818750E+00,+4.962390E+00,+2.525165E+00
-7.811719E+00,+4.962390E+00,+2.523909E+00
-7.804687E+00,+4.962390E+00,+2.523909E+00
-7.797656E+00,+4.962390E+00,+2.525165E+00
-7.790625E+00,+4.962390E+00,+2.525165E+00
-7.783594E+00,+4.962390E+00,+2.525165E+00
-7.776562E+00,+4.962390E+00,+2.525165E+00
-7.769531E+00,+4.962390E+00,+2.526421E+00
-7.762500E+00,+4.962390E+00,+2.526421E+00
-7.755469E+00,+4.962390E+00,+2.526421E+00
-7.748437E+00,+4.962390E+00,+2.526421E+00
-7.741406E+00,+4.962390E+00,+2.526421E+00
-7.734375E+00,+4.962390E+00,+2.526421E+00
-7.727344E+00,+4.962390E+00,+2.527677E+00
-7.720312E+00,+4.962390E+00,+2.527677E+00
-7.713281E+00,+4.962390E+00,+2.527677E+00
-7.706250E+00,+4.962390E+00,+2.528934E+00
-7.699219E+00,+4.962390E+00,+2.528934E+00
-7.692187E+00,+4.962390E+00,+2.528934E+00
-7.685156E+00,+4.962390E+00,+2.528934E+00
-7.678125E+00,+4.962390E+00,+2.530190E+00
-7.671094E+00,+4.962390E+00,+2.530190E+00
-7.664062E+00,+4.962390E+00,+2.530190E+00
-7.657031E+00,+4.962390E+00,+2.531446E+00
-7.650000E+00,+4.962390E+00,+2.531446E+00
-7.642969E+00,+4.962390E+00,+2.531446E+00
-7.635937E+00,+4.962390E+00,+2.532703E+00
-7.628906E+00,+4.962390E+00,+2.532703E+00
-7.621875E+00,+4.962390E+00,+2.533959E+00
-7.614844E+00,+4.962390E+00,+2.533959E+00
-7.607812E+00,+4.962390E+00,+2.533959E+00
-7.600781E+00,+4.962390E+00,+2.533959E+00
-7.593750E+00,+4.962390E+00,+2.535215E+00
-7.586719E+00,+4.962390E+00,+2.535215E+00
-7.579687E+00,+4.962390E+00,+2.536471E+00
-7.572656E+00,+4.962390E+00,+2.536471E+00
-7.565625E+00,+4.962390E+00,+2.536471E+00
-7.558594E+00,+4.962390E+00,+2.536471E+00
-7.551562E+00,+4.962390E+00,+2.537728E+00
-7.544531E+00,+4.962390E+00,+2.537728E+00
-7.537500E+00,+4.962390E+00,+2.537728E+00
-7.530469E+00,+4.962390E+00,+2.538984E+00
-7.523437E+00,+4.962390E+00,+2.538984E+00
-7.516406E+00,+4.962390E+00,+2.538984E+00
-7.509375E+00,+4.962390E+00,+2.540240E+00
-7.502344E+00,+4.962390E+00,+2.540240E+00
-7.495312E+00,+4.962390E+00,+2.540240E+00
-7.488281E+00,+4.962390E+00,+2.540240E+00
-7.481250E+00,+4.962390E+00,+2.541497E+00
-7.474219E+00,+4.962390E+00,+2.541497E+00
-7.467187E+00,+4.962390E+00,+2.541497E+00
-7.460156E+00,+4.962390E+00,+2.541497E+00
-7.453125E+00,+4.962390E+00,+2.541497E+00
-7.446094E+00,+4.962390E+00,+2.541497E+00
-7.439062E+00,+4.962390E+00,+2.542753E+00
-7.432031E+00,+4.962390E+00,+2.542753E+00
-7.425000E+00,+4.962390E+00,+2.542753E+00
-7.417969E+00,+4.962390E+00,+2.542753E+00
-7.410937E+00,+4.962390E+00,+2.544009E+00
-7.403906E+00,+4.962390E+00,+2.544009E+00
-7.396875E+00,+4.962390E+00,+2.544009E+00
-7.389844E+00,+4.962390E+00,+2.544009E+00
-7.382812E+00,+4.962390E+00,+2.544009E+00
-7.375781E+00,+4.962390E+00,+2.545265E+00
-7.368750E+00,+4.962390E+00,+2.545265E+00
-7.361719E+00,+4.962390E+00,+2.545265E+00
-7.354687E+00,+4.962390E+00,+2.546522E+00
-7.347656E+00,+4.962390E+00,+2.546522E+00
-7.340625E+00,+4.962390E+00,+2.546522E+00
-7.333594E+00,+4.962390E+00,+2.546522E+00
-7.326562E+00,+4.962390E+00,+2.546522E+00
-7.319531E+00,+4.962390E+00,+2.547778E+00
-7.312500E+00,+4.962390E+00,+2.547778E+00
-7.305469E+00,+4.962390E+00,+2.547778E+00
-7.298437E+00,+4.962390E+00,+2.547778E+00
-7.291406E+00,+4.962390E+00,+2.547778E+00
-7.284375E+00,+4.962390E+00,+2.549034E+00
-7.277344E+00,+4.962390E+00,+2.549034E+00
-7.270312E+00,+4.962390E+00,+2.549034E+00
-7.263281E+00,+4.962390E+00,+2.549034E+00
-7.256250E+00,+4.962390E+00,+2.549034E+00
-7.249219E+00,+4.962390E+00,+2.549034E+00
-7.242187E+00,+4.962390E+00,+2.550291E+00
-7.235156E+00,+4.962390E+00,+2.550291E+00
-7.228125E+00,+4.962390E+00,+2.550291E+00
-7.221094E+00,+4.962390E+00,+2.550291E+00
-7.214062E+00,+4.962390E+00,+2.550291E+00
-7.207031E+00,+4.962390E+00,+2.551547E+00
-7.200000E+00,+4.962390E+00,+2.551547E+00
-7.192969E+00,+4.962390E+00,+2.551547E+00
-7.185937E+00,+4.962390E+00,+2.551547E+00
-7.178906E+00,+4.962390E+00,+2.552803E+00
-7.171875E+00,+4.962390E+00,+2.551547E+00
-7.164844E+00,+4.962390E+00,+2.552803E+00
-7.157812E+00,+4.962390E+00,+2.552803E+00
-7.150781E+00,+4.959877E+00,+2.552803E+00
-7.143750E+00,+4.962390E+00,+2.552803E+00
-7.136719E+00,+4.962390E+00,+2.552803E+00
-7.129687E+00,+4.962390E+00,+2.552803E+00
-7.122656E+00,+4.962390E+00,+2.554059E+00
-7.115625E+00,+4.962390E+00,+2.554059E+00
-7.108594E+00,+4.962390E+00,+2.554059E+00
-7.101562E+00,+4.962390E+00,+2.554059E+00
-7.094531E+00,+4.962390E+00,+2.554059E+00
-7.087500E+00,+4.962390E+00,+2.554059E+00
-7.080469E+00,+4.962390E+00,+2.554059E+00
-7.073437E+00,+4.962390E+00,+2.554059E+00
-7.066406E+00,+4.962390E+00,+2.555316E+00
-7.059375E+00,+4.962390E+00,+2.555316E+00
-7.052344E+00,+4.962390E+00,+2.555316E+00
-7.045312E+00,+4.962390E+00,+2.555316E+00
-7.038281E+00,+4.962390E+00,+2.555316E+00
-7.031250E+00,+4.959877E+00,+2.555316E+00
-7.024219E+00,+4.962390E+00,+2.555316E+00
-7.017187E+00,+4.962390E+00,+2.555316E+00
-7.010156E+00,+4.959877E+00,+2.555316E+00
-7.003125E+00,+4.962390E+00,+2.556572E+00
-6.996094E+00,+4.962390E+00,+2.556572E+00
-6.989062E+00,+4.962390E+00,+2.556572E+00
-6.982031E+00,+4.962390E+00,+2.556572E+00
-6.975000E+00,+4.962390E+00,+2.556572E+00
-6.967969E+00,+4.962390E+00,+2.556572E+00
-6.960937E+00,+4.962390E+00,+2.556572E+00
-6.953906E+00,+4.962390E+00,+2.556572E+00
-6.946875E+00,+4.962390E+00,+2.556572E+00
-6.939844E+00,+4.962390E+00,+2.556572E+00
-6.932812E+00,+4.959877E+00,+2.556572E+00
-6.925781E+00,+4.959877E+00,+2.556572E+00
-6.918750E+00,+4.962390E+00,+2.556572E+00
-6.911719E+00,+4.962390E+00,+2.556572E+00
-6.904687E+00,+4.962390E+00,+2.556572E+00
-6.897656E+00,+4.962390E+00,+2.556572E+00
-6.890625E+00,+4.962390E+00,+2.556572E+00
-6.883594E+00,+4.962390E+00,+2.557828E+00
-6.876562E+00,+4.962390E+00,+2.557828E+00
-6.869531E+00,+4.959877E+00,+2.557828E+00
-6.862500E+00,+4.962390E+00,+2.557828E+00
-6.855469E+00,+4.962390E+00,+2.557828E+00
-6.848437E+00,+4.959877E+00,+2.557828E+00
-6.841406E+00,+4.962390E+00,+2.557828E+00
-6.834375E+00,+4.962390E+00,+2.557828E+00
-6.827344E+00,+4.959877E+00,+2.557828E+00
-6.820312E+00,+4.962390E+00,+2.557828E+00
-6.813281E+00,+4.962390E+00,+2.557828E+00
-6.806250E+00,+4.959877E+00,+2.557828E+00
-6.799219E+00,+4.962390E+00,+2.559084E+00
-6.792187E+00,+4.962390E+00,+2.559084E+00
-6.785156E+00,+4.962390E+00,+2.559084E+00
-6.778125E+00,+4.962390E+00,+2.559084E+00
-6.771094E+00,+4.959877E+00,+2.559084E+00
-6.764062E+00,+4.962390E+00,+2.559084E+00
-6.757031E+00,+4.962390E+00,+2.559084E+00
-6.750000E+00,+4.962390E+00,+2.559084E+00
-6.742969E+00,+4.962390E+00,+2.559084E+00
-6.735937E+00,+4.962390E+00,+2.559084E+00
-6.728906E+00,+4.962390E+00,+2.559084E+00
-6.721875E+00,+4.962390E+00,+2.559084E+00
-6.714844E+00,+4.962390E+00,+2.557828E+00
-6.707812E+00,+4.962390E+00,+2.557828E+00
-6.700781E+00,+4.962390E+00,+2.557828E+00
-6.693750E+00,+4.962390E+00,+2.557828E+00
-6.686719E+00,+4.962390E+00,+2.557828E+00
-6.679687E+00,+4.962390E+00,+2.559084E+00
-6.672656E+00,+4.962390E+00,+2.557828E+00
-6.665625E+00,+4.962390E+00,+2.559084E+00
-6.658594E+00,+4.962390E+00,+2.559084E+00
-6.651562E+00,+4.962390E+00,+2.557828E+00
-6.644531E+00,+4.962390E+00,+2.557828E+00
-6.637500E+00,+4.962390E+00,+2.559084E+00
-6.630469E+00,+4.962390E+00,+2.557828E+00
-6.623437E+00,+4.962390E+00,+2.559084E+00
-6.616406E+00,+4.962390E+00,+2.559084E+00
-6.609375E+00,+4.962390E+00,+2.559084E+00
-6.602344E+00,+4.962390E+00,+2.559084E+00
-6.595312E+00,+4.962390E+00,+2.559084E+00
-6.588281E+00,+4.962390E+00,+2.559084E+00
-6.581250E+00,+4.962390E+00,+2.559084E+00
-6.574219E+00,+4.962390E+00,+2.557828E+00
-6.567187E+00,+4.959877E+00,+2.559084E+00
-6.560156E+00,+4.962390E+00,+2.559084E+00
-6.553125E+00,+4.959877E+00,+2.557828E+00
-6.546094E+00,+4.959877E+00,+2.557828E+00
-6.539062E+00,+4.962390E+00,+2.557828E+00
-6.532031E+00,+4.959877E+00,+2.557828E+00
-6.525000E+00,+4.962390E+00,+2.557828E+00
-6.517969E+00,+4.962390E+00,+2.557828E+00
-6.510937E+00,+4.959877E+00,+2.557828E+00
-6.503906E+00,+4.962390E+00,+2.557828E+00
-6.496875E+00,+4.962390E+00,+2.559084E+00
-6.489844E+00,+4.959877E+00,+2.559084E+00
-6.482812E+00,+4.962390E+00,+2.559084E+00
-6.475781E+00,+4.962390E+00,+2.559084E+00
-6.468750E+00,+4.959877E+00,+2.559084E+00
-6.461719E+00,+4.962390E+00,+2.559084E+00
-6.454687E+00,+4.962390E+00,+2.559084E+00
-6.447656E+00,+4.962390E+00,+2.559084E+00
-6.440625E+00,+4.962390E+00,+2.559084E+00
-6.433594E+00,+4.962390E+00,+2.559084E+00
-6.426562E+00,+4.962390E+00,+2.557828E+00
-6.419531E+00,+4.962390E+00,+2.559084E+00
-6.412500E+00,+4.959877E+00,+2.559084E+00
-6.405469E+00,+4.962390E+00,+2.559084E+00
-6.398437E+00,+4.962390E+00,+2.559084E+00
-6.391406E+00,+4.962390E+00,+2.559084E+00
-6.384375E+00,+4.962390E+00,+2.559084E+00
-6.377344E+00,+4.962390E+00,+2.559084E+00
-6.370312E+00,+4.962390E+00,+2.559084E+00
-6.363281E+00,+4.962390E+00,+2.559084E+00
-6.356250E+00,+4.962390E+00,+2.559084E+00
-6.349219E+00,+4.962390E+00,+2.559084E+00
-6.342187E+00,+4.962390E+00,+2.559084E+00
-6.335156E+00,+4.962390E+00,+2.559084E+00
-6.328125E+00,+4.962390E+00,+2.559084E+00
-6.321094E+00,+4.962390E+00,+2.559084E+00
-6.314062E+00,+4.962390E+00,+2.559084E+00
-6.307031E+00,+4.962390E+00,+2.559084E+00
-6.300000E+00,+4.962390E+00,+2.559084E+00
-6.292969E+00,+4.962390E+00,+2.559084E+00
-6.285937E+00,+4.962390E+00,+2.559084E+00
-6.278906E+00,+4.962390E+00,+2.559084E+00
-6.271875E+00,+4.962390E+00,+2.559084E+00
-6.264844E+00,+4.962390E+00,+2.559084E+00
-6.257812E+00,+4.962390E+00,+2.559084E+00
-6.250781E+00,+4.962390E+00,+2.559084E+00
-6.243750E+00,+4.962390E+00,+2.560341E+00
-6.236719E+00,+4.962390E+00,+2.559084E+00
-6.229687E+00,+4.962390E+00,+2.559084E+00
-6.222656E+00,+4.962390E+00,+2.560341E+00
-6.215625E+00,+4.962390E+00,+2.560341E+00
-6.208594E+00,+4.962390E+00,+2.559084E+00
-6.201562E+00,+4.962390E+00,+2.560341E+00
-6.194531E+00,+4.962390E+00,+2.560341E+00
-6.187500E+00,+4.959877E+00,+2.560341E+00
-6.180469E+00,+4.962390E+00,+2.560341E+00
-6.173437E+00,+4.962390E+00,+2.560341E+00
-6.166406E+00,+4.959877E+00,+2.560341E+00
-6.159375E+00,+4.962390E+00,+2.560341E+00
-6.152344E+00,+4.962390E+00,+2.560341E+00
-6.145312E+00,+4.962390E+00,+2.560341E+00
-6.138281E+00,+4.962390E+00,+2.560341E+00
-6.131250E+00,+4.959877E+00,+2.560341E+00
-6.124219E+00,+4.959877E+00,+2.560341E+00
-6.117187E+00,+4.962390E+00,+2.561597E+00
-6.110156E+00,+4.959877E+00,+2.561597E+00
-6.103125E+00,+4.962390E+00,+2.561597E+00
-6.096094E+00,+4.962390E+00,+2.561597E+00
-6.089062E+00,+4.959877E+00,+2.561597E+00
-6.082031E+00,+4.962390E+00,+2.561597E+00
-6.075000E+00,+4.962390E+00,+2.561597E+00
-6.067969E+00,+4.959877E+00,+2.562853E+00
-6.060937E+00,+4.962390E+00,+2.562853E+00
-6.053906E+00,+4.962390E+00,+2.562853E+00
-6.046875E+00,+4.962390E+00,+2.562853E+00
-6.039844E+00,+4.962390E+00,+2.562853E+00
-6.032812E+00,+4.962390E+00,+2.562853E+00
-6.025781E+00,+4.962390E+00,+2.562853E+00
-6.018750E+00,+4.962390E+00,+2.564110E+00
-6.011719E+00,+4.959877E+00,+2.562853E+00
-6.004687E+00,+4.962390E+00,+2.564110E+00
-5.997656E+00,+4.962390E+00,+2.564110E+00
-5.990625E+00,+4.962390E+00,+2.564110E+00
-5.983594E+00,+4.962390E+00,+2.564110E+00
-5.976562E+00,+4.962390E+00,+2.564110E+00
-5.969531E+00,+4.962390E+00,+2.564110E+00
-5.962500E+00,+4.962390E+00,+2.564110E+00
-5.955469E+00,+4.962390E+00,+2.564110E+00
-5.948437E+00,+4.962390E+00,+2.564110E+00
-5.941406E+00,+4.962390E+00,+2.565366E+00
-5.934375E+00,+4.962390E+00,+2.565366E+00
-5.927344E+00,+4.959877E+00,+2.565366E+00
-5.920312E+00,+4.962390E+00,+2.565366E+00
-5.913281E+00,+4.962390E+00,+2.565366E+00
-5.906250E+00,+4.962390E+00,+2.565366E+00
-5.899219E+00,+4.962390E+00,+2.565366E+00
-5.892187E+00,+4.962390E+00,+2.565366E+00
-5.885156E+00,+4.962390E+00,+2.565366E+00
-5.878125E+00,+4.962390E+00,+2.565366E+00
-5.871094E+00,+4.959877E+00,+2.565366E+00
-5.864062E+00,+4.962390E+00,+2.565366E+00
-5.857031E+00,+4.962390E+00,+2.566622E+00
-5.850000E+00,+4.962390E+00,+2.566622E+00
-5.842969E+00,+4.962390E+00,+2.566622E+00
-5.835937E+00,+4.962390E+00,+2.566622E+00
-5.828906E+00,+4.962390E+00,+2.566622E+00
-5.821875E+00,+4.962390E+00,+2.566622E+00
-5.814844E+00,+4.962390E+00,+2.566622E+00
-5.807812E+00,+4.962390E+00,+2.566622E+00
-5.800781E+00,+4.962390E+00,+2.566622E+00
-5.793750E+00,+4.962390E+00,+2.566622E+00
-5.786719E+00,+4.962390E+00,+2.566622E+00
-5.779687E+00,+4.962390E+00,+2.566622E+00
-5.772656E+00,+4.962390E+00,+2.566622E+00
-5.765625E+00,+4.962390E+00,+2.566622E+00
-5.758594E+00,+4.962390E+00,+2.567878E+00
-5.751562E+00,+4.962390E+00,+2.567878E+00
-5.744531E+00,+4.962390E+00,+2.567878E+00
-5.737500E+00,+4.962390E+00,+2.567878E+00
-5.730469E+00,+4.959877E+00,+2.567878E+00
-5.723437E+00,+4.962390E+00,+2.567878E+00
-5.716406E+00,+4.962390E+00,+2.567878E+00
-5.709375E+00,+4.959877E+00,+2.567878E+00
-5.702344E+00,+4.962390E+00,+2.567878E+00
-5.695312E+00,+4.962390E+00,+2.567878E+00
-5.688281E+00,+4.962390E+00,+2.567878E+00
-5.681250E+00,+4.962390E+00,+2.567878E+00
-5.674219E+00,+4.959877E+00,+2.567878E+00
-5.667187E+00,+4.962390E+00,+2.567878E+00
-5.660156E+00,+4.962390E+00,+2.567878E+00
-5.653125E+00,+4.962390E+00,+2.567878E+00
-5.646094E+00,+4.962390E+00,+2.567878E+00
-5.639062E+00,+4.962390E+00,+2.567878E+00
-5.632031E+00,+4.962390E+00,+2.567878E+00
-5.625000E+00,+4.962390E+00,+2.567878E+00
-5.617969E+00,+4.962390E+00,+2.567878E+00
-5.610937E+00,+4.959877E+00,+2.567878E+00
-5.603906E+00,+4.959877E+00,+2.569135E+00
-5.596875E+00,+4.962390E+00,+2.569135E+00
-5.589844E+00,+4.962390E+00,+2.569135E+00
-5.582812E+00,+4.962390E+00,+2.569135E+00
-5.575781E+00,+4.962390E+00,+2.569135E+00
-5.568750E+00,+4.959877E+00,+2.569135E+00
-5.561719E+00,+4.962390E+00,+2.569135E+00
-5.554687E+00,+4.962390E+00,+2.569135E+00
-5.547656E+00,+4.962390E+00,+2.569135E+00
-5.540625E+00,+4.962390E+00,+2.570391E+00
-5.533594E+00,+4.962390E+00,+2.569135E+00
-5.526562E+00,+4.962390E+00,+2.570391E+00
-5.519531E+00,+4.962390E+00,+2.570391E+00
-5.512500E+00,+4.959877E+00,+2.570391E+00
-5.505469E+00,+4.962390E+00,+2.570391E+00
-5.498437E+00,+4.962390E+00,+2.570391E+00
-5.491406E+00,+4.962390E+00,+2.570391E+00
-5.484375E+00,+4.962390E+00,+2.570391E+00
-5.477344E+00,+4.962390E+00,+2.570391E+00
-5.470312E+00,+4.962390E+00,+2.570391E+00
-5.463281E+00,+4.962390E+00,+2.570391E+00
-5.456250E+00,+4.962390E+00,+2.570391E+00
-5.449219E+00,+4.959877E+00,+2.570391E+00
-5.442187E+00,+4.962390E+00,+2.570391E+00
-5.435156E+00,+4.962390E+00,+2.570391E+00
-5.428125E+00,+4.962390E+00,+2.570391E+00
-5.421094E+00,+4.962390E+00,+2.571647E+00
-5.414062E+00,+4.962390E+00,+2.570391E+00
-5.407031E+00,+4.962390E+00,+2.571647E+00
-5.400000E+00,+4.962390E+00,+2.571647E+00
-5.392969E+00,+4.962390E+00,+2.571647E+00
-5.385937E+00,+4.962390E+00,+2.571647E+00
-5.378906E+00,+4.962390E+00,+2.571647E+00
-5.371875E+00,+4.962390E+00,+2.571647E+00
-5.364844E+00,+4.962390E+00,+2.571647E+00
-5.357812E+00,+4.962390E+00,+2.571647E+00
-5.350781E+00,+4.959877E+00,+2.571647E+00
-5.343750E+00,+4.962390E+00,+2.571647E+00
-5.336719E+00,+4.962390E+00,+2.571647E+00
-5.329687E+00,+4.962390E+00,+2.572904E+00
-5.322656E+00,+4.962390E+00,+2.571647E+00
-5.315625E+00,+4.959877E+00,+2.571647E+00
-5.308594E+00,+4.959877E+00,+2.571647E+00
-5.301562E+00,+4.962390E+00,+2.571647E+00
-5.294531E+00,+4.962390E+00,+2.572904E+00
-5.287500E+00,+4.959877E+00,+2.571647E+00
-5.280469E+00,+4.962390E+00,+2.572904E+00
-5.273437E+00,+4.962390E+00,+2.572904E+00
-5.266406E+00,+4.959877E+00,+2.572904E+00
-5.259375E+00,+4.962390E+00,+2.572904E+00
-5.252344E+00,+4.962390E+00,+2.572904E+00
-5.245312E+00,+4.962390E+00,+2.572904E+00
-5.238281E+00,+4.962390E+00,+2.572904E+00
-5.231250E+00,+4.959877E+00,+2.572904E+00
-5.224219E+00,+4.962390E+00,+2.572904E+00
-5.217187E+00,+4.962390E+00,+2.572904E+00
-5.210156E+00,+4.959877E+00,+2.572904E+00
-5.203125E+00,+4.959877E+00,+2.572904E+00
-5.196094E+00,+4.962390E+00,+2.572904E+00
-5.189062E+00,+4.959877E+00,+2.572904E+00
-5.182031E+00,+4.962390E+00,+2.572904E+00
-5.175000E+00,+4.962390E+00,+2.572904E+00
-5.167969E+00,+4.962390E+00,+2.572904E+00
-5.160937E+00,+4.962390E+00,+2.572904E+00
-5.153906E+00,+4.962390E+00,+2.572904E+00
-5.146875E+00,+4.962390E+00,+2.572904E+00
-5.139844E+00,+4.962390E+00,+2.574160E+00
-5.132812E+00,+4.962390E+00,+2.572904E+00
-5.125781E+00,+4.962390E+00,+2.572904E+00
-5.118750E+00,+4.962390E+00,+2.572904E+00
-5.111719E+00,+4.962390E+00,+2.572904E+00
-5.104687E+00,+4.962390E+00,+2.574160E+00
-5.097656E+00,+4.962390E+00,+2.572904E+00
-5.090625E+00,+4.959877E+00,+2.572904E+00
-5.083594E+00,+4.962390E+00,+2.572904E+00
-5.076562E+00,+4.962390E+00,+2.572904E+00
-5.069531E+00,+4.962390E+00,+2.572904E+00
-5.062500E+00,+4.962390E+00,+2.572904E+00
-5.055469E+00,+4.962390E+00,+2.574160E+00
-5.048437E+00,+4.959877E+00,+2.572904E+00
-5.041406E+00,+4.962390E+00,+2.574160E+00
-5.034375E+00,+4.959877E+00,+2.572904E+00
-5.027344E+00,+4.959877E+00,+2.572904E+00
-5.020312E+00,+4.962390E+00,+2.574160E+00
-5.013281E+00,+4.959877E+00,+2.572904E+00
-5.006250E+00,+4.959877E+00,+2.574160E+00
-4.999219E+00,+4.962390E+00,+2.574160E+00
-4.992187E+00,+4.959877E+00,+2.574160E+00
-4.985156E+00,+4.959877E+00,+2.574160E+00
-4.978125E+00,+4.962390E+00,+2.574160E+00
-4.971094E+00,+4.959877E+00,+2.574160E+00
-4.964062E+00,+4.959877E+00,+2.574160E+00
-4.957031E+00,+4.962390E+00,+2.574160E+00
-4.950000E+00,+4.959877E+00,+2.574160E+00
-4.942969E+00,+4.962390E+00,+2.574160E+00
-4.935937E+00,+4.962390E+00,+2.572904E+00
-4.928906E+00,+4.962390E+00,+2.574160E+00
-4.921875E+00,+4.962390E+00,+2.574160E+00
-4.914844E+00,+4.959877E+00,+2.572904E+00
-4.907812E+00,+4.959877E+00,+2.572904E+00
-4.900781E+00,+4.962390E+00,+2.572904E+00
-4.893750E+00,+4.959877E+00,+2.572904E+00
-4.886719E+00,+4.962390E+00,+2.572904E+00
-4.879687E+00,+4.962390E+00,+2.572904E+00
-4.872656E+00,+4.959877E+00,+2.572904E+00
-4.865625E+00,+4.962390E+00,+2.572904E+00
-4.858594E+00,+4.962390E+00,+2.572904E+00
-4.851562E+00,+4.962390E+00,+2.572904E+00
-4.844531E+00,+4.962390E+00,+2.572904E+00
-4.837500E+00,+4.962390E+00,+2.572904E+00
-4.830469E+00,+4.962390E+00,+2.572904E+00
-4.823437E+00,+4.962390E+00,+2.572904E+00
-4.816406E+00,+4.962390E+00,+2.572904E+00
-4.809375E+00,+4.959877E+00,+2.572904E+00
-4.802344E+00,+4.959877E+00,+2.572904E+00
-4.795312E+00,+4.959877E+00,+2.574160E+00
-4.788281E+00,+4.959877E+00,+2.572904E+00
-4.781250E+00,+4.962390E+00,+2.572904E+00
-4.774219E+00,+4.959877E+00,+2.572904E+00
-4.767187E+00,+4.959877E+00,+2.572904E+00
-4.760156E+00,+4.959877E+00,+2.572904E+00
-4.753125E+00,+4.959877E+00,+2.572904E+00
-4.746094E+00,+4.959877E+00,+2.572904E+00
-4.739062E+00,+4.962390E+00,+2.572904E+00
-4.732031E+00,+4.959877E+00,+2.572904E+00
-4.725000E+00,+4.959877E+00,+2.572904E+00
-4.717969E+00,+4.959877E+00,+2.572904E+00
-4.710937E+00,+4.959877E+00,+2.572904E+00
-4.703906E+00,+4.959877E+00,+2.572904E+00
-4.696875E+00,+4.959877E+00,+2.572904E+00
-4.689844E+00,+4.959877E+00,+2.572904E+00
-4.682812E+00,+4.962390E+00,+2.572904E+00
-4.675781E+00,+4.962390E+00,+2.572904E+00
-4.668750E+00,+4.959877E+00,+2.572904E+00
-4.661719E+00,+4.959877E+00,+2.572904E+00
-4.654687E+00,+4.959877E+00,+2.572904E+00
-4.647656E+00,+4.959877E+00,+2.572904E+00
-4.640625E+00,+4.962390E+00,+2.572904E+00
-4.633594E+00,+4.959877E+00,+2.572904E+00
-4.626562E+00,+4.959877E+00,+2.572904E+00
-4.619531E+00,+4.962390E+00,+2.572904E+00
-4.612500E+00,+4.959877E+00,+2.572904E+00
-4.605469E+00,+4.962390E+00,+2.572904E+00
-4.598437E+00,+4.962390E+00,+2.572904E+00
-4.591406E+00,+4.959877E+00,+2.572904E+00
-4.584375E+00,+4.959877E+00,+2.572904E+00
-4.577344E+00,+4.962390E+00,+2.572904E+00
-4.570312E+00,+4.959877E+00,+2.572904E+00
-4.563281E+00,+4.962390E+00,+2.571647E+00
-4.556250E+00,+4.962390E+00,+2.571647E+00
-4.549219E+00,+4.959877E+00,+2.571647E+00
-4.542187E+00,+4.959877E+00,+2.571647E+00
-4.535156E+00,+4.959877E+00,+2.571647E+00
-4.528125E+00,+4.959877E+00,+2.572904E+00
-4.521094E+00,+4.962390E+00,+2.572904E+00
-4.514062E+00,+4.959877E+00,+2.572904E+00
-4.507031E+00,+4.959877E+00,+2.572904E+00
-4.500000E+00,+4.962390E+00,+2.572904E+00
-4.492969E+00,+4.959877E+00,+2.572904E+00
-4.485937E+00,+4.959877E+00,+2.572904E+00
-4.478906E+00,+4.962390E+00,+2.572904E+00
-4.471875E+00,+4.959877E+00,+2.572904E+00
-4.464844E+00,+4.962390E+00,+2.572904E+00
-4.457812E+00,+4.962390E+00,+2.572904E+00
-4.450781E+00,+4.959877E+00,+2.572904E+00
-4.443750E+00,+4.959877E+00,+2.572904E+00
-4.436719E+00,+4.959877E+00,+2.572904E+00
-4.429687E+00,+4.959877E+00,+2.572904E+00
-4.422656E+00,+4.962390E+00,+2.572904E+00
-4.415625E+00,+4.959877E+00,+2.574160E+00
-4.408594E+00,+4.962390E+00,+2.574160E+00
-4.401562E+00,+4.962390E+00,+2.574160E+00
-4.394531E+00,+4.962390E+00,+2.574160E+00
-4.387500E+00,+4.962390E+00,+2.572904E+00
-4.380469E+00,+4.962390E+00,+2.574160E+00
-4.373437E+00,+4.959877E+00,+2.574160E+00
-4.366406E+00,+4.959877E+00,+2.574160E+00
-4.359375E+00,+4.962390E+00,+2.574160E+00
-4.352344E+00,+4.959877E+00,+2.574160E+00
-4.345312E+00,+4.962390E+00,+2.574160E+00
-4.338281E+00,+4.962390E+00,+2.574160E+00
-4.331250E+00,+4.962390E+00,+2.574160E+00
-4.324219E+00,+4.962390E+00,+2.574160E+00
-4.317187E+00,+4.962390E+00,+2.574160E+00
-4.310156E+00,+4.962390E+00,+2.574160E+00
-4.303125E+00,+4.962390E+00,+2.574160E+00
-4.296094E+00,+4.962390E+00,+2.574160E+00
-4.289062E+00,+4.959877E+00,+2.574160E+00
-4.282031E+00,+4.962390E+00,+2.574160E+00
-4.275000E+00,+4.962390E+00,+2.575416E+00
-4.267969E+00,+4.962390E+00,+2.574160E+00
-4.260937E+00,+4.962390E+00,+2.574160E+00
-4.253906E+00,+4.959877E+00,+2.574160E+00
-4.246875E+00,+4.962390E+00,+2.574160E+00
-4.239844E+00,+4.962390E+00,+2.575416E+00
-4.232812E+00,+4.959877E+00,+2.574160E+00
-4.225781E+00,+4.959877E+00,+2.574160E+00
-4.218750E+00,+4.962390E+00,+2.575416E+00
-4.211719E+00,+4.959877E+00,+2.574160E+00
-4.204688E+00,+4.959877E+00,+2.575416E+00
-4.197656E+00,+4.959877E+00,+2.575416E+00
-4.190625E+00,+4.959877E+00,+2.575416E+00
-4.183594E+00,+4.962390E+00,+2.575416E+00
-4.176563E+00,+4.962390E+00,+2.575416E+00
-4.169531E+00,+4.962390E+00,+2.575416E+00
-4.162500E+00,+4.962390E+00,+2.575416E+00
-4.155469E+00,+4.962390E+00,+2.575416E+00
-4.148438E+00,+4.959877E+00,+2.575416E+00
-4.141406E+00,+4.962390E+00,+2.575416E+00
-4.134375E+00,+4.962390E+00,+2.576672E+00
-4.127344E+00,+4.959877E+00,+2.576672E+00
-4.120313E+00,+4.962390E+00,+2.576672E+00
-4.113281E+00,+4.962390E+00,+2.576672E+00
-4.106250E+00,+4.962390E+00,+2.576672E+00
-4.099219E+00,+4.962390E+00,+2.576672E+00
-4.092188E+00,+4.962390E+00,+2.576672E+00
-4.085156E+00,+4.962390E+00,+2.576672E+00
-4.078125E+00,+4.962390E+00,+2.576672E+00
-4.071094E+00,+4.962390E+00,+2.576672E+00
-4.064063E+00,+4.962390E+00,+2.577929E+00
-4.057031E+00,+4.962390E+00,+2.576672E+00
-4.050000E+00,+4.959877E+00,+2.577929E+00
-4.042969E+00,+4.962390E+00,+2.577929E+00
-4.035938E+00,+4.962390E+00,+2.577929E+00
-4.028906E+00,+4.962390E+00,+2.577929E+00
-4.021875E+00,+4.962390E+00,+2.577929E+00
-4.014844E+00,+4.962390E+00,+2.577929E+00
-4.007813E+00,+4.962390E+00,+2.577929E+00
-4.000781E+00,+4.962390E+00,+2.577929E+00
-3.993750E+00,+4.962390E+00,+2.577929E+00
-3.986719E+00,+4.962390E+00,+2.577929E+00
-3.979688E+00,+4.962390E+00,+2.577929E+00
-3.972656E+00,+4.962390E+00,+2.577929E+00
-3.965625E+00,+4.962390E+00,+2.577929E+00
-3.958594E+00,+4.962390E+00,+2.579185E+00
-3.951563E+00,+4.962390E+00,+2.579185E+00
-3.944531E+00,+4.962390E+00,+2.577929E+00
-3.937500E+00,+4.962390E+00,+2.579185E+00
-3.930469E+00,+4.962390E+00,+2.577929E+00
-3.923438E+00,+4.962390E+00,+2.579185E+00
-3.916406E+00,+4.962390E+00,+2.579185E+00
-3.909375E+00,+4.962390E+00,+2.579185E+00
-3.902344E+00,+4.962390E+00,+2.579185E+00
-3.895313E+00,+4.962390E+00,+2.579185E+00
-3.888281E+00,+4.962390E+00,+2.579185E+00
-3.881250E+00,+4.962390E+00,+2.579185E+00
-3.874219E+00,+4.962390E+00,+2.579185E+00
-3.867188E+00,+4.962390E+00,+2.579185E+00
-3.860156E+00,+4.962390E+00,+2.579185E+00
-3.853125E+00,+4.962390E+00,+2.579185E+00
-3.846094E+00,+4.962390E+00,+2.580441E+00
-3.839063E+00,+4.962390E+00,+2.580441E+00
-3.832031E+00,+4.962390E+00,+2.580441E+00
-3.825000E+00,+4.962390E+00,+2.580441E+00
-3.817969E+00,+4.962390E+00,+2.580441E+00
-3.810938E+00,+4.962390E+00,+2.580441E+00
-3.803906E+00,+4.962390E+00,+2.580441E+00
-3.796875E+00,+4.962390E+00,+2.580441E+00
-3.789844E+00,+4.962390E+00,+2.580441E+00
-3.782813E+00,+4.962390E+00,+2.580441E+00
-3.775781E+00,+4.962390E+00,+2.581698E+00
-3.768750E+00,+4.959877E+00,+2.580441E+00
-3.761719E+00,+4.962390E+00,+2.581698E+00
-3.754688E+00,+4.962390E+00,+2.581698E+00
-3.747656E+00,+4.962390E+00,+2.581698E+00
-3.740625E+00,+4.962390E+00,+2.581698E+00
-3.733594E+00,+4.962390E+00,+2.581698E+00
-3.726563E+00,+4.962390E+00,+2.581698E+00
-3.719531E+00,+4.962390E+00,+2.581698E+00
-3.712500E+00,+4.962390E+00,+2.581698E+00
-3.705469E+00,+4.962390E+00,+2.581698E+00
-3.698438E+00,+4.962390E+00,+2.582954E+00
-3.691406E+00,+4.962390E+00,+2.582954E+00
-3.684375E+00,+4.962390E+00,+2.582954E+00
-3.677344E+00,+4.962390E+00,+2.582954E+00
-3.670313E+00,+4.962390E+00,+2.581698E+00
-3.663281E+00,+4.962390E+00,+2.581698E+00
-3.656250E+00,+4.962390E+00,+2.582954E+00
-3.649219E+00,+4.962390E+00,+2.582954E+00
-3.642188E+00,+4.962390E+00,+2.581698E+00
-3.635156E+00,+4.962390E+00,+2.582954E+00
-3.628125E+00,+4.962390E+00,+2.582954E+00
-3.621094E+00,+4.962390E+00,+2.582954E+00
-3.614063E+00,+4.962390E+00,+2.582954E+00
-3.607031E+00,+4.962390E+00,+2.582954E+00
-3.600000E+00,+4.962390E+00,+2.582954E+00
-3.592969E+00,+4.962390E+00,+2.582954E+00
-3.585938E+00,+4.962390E+00,+2.582954E+00
-3.578906E+00,+4.962390E+00,+2.582954E+00
-3.571875E+00,+4.962390E+00,+2.582954E+00
-3.564844E+00,+4.962390E+00,+2.582954E+00
-3.557813E+00,+4.962390E+00,+2.582954E+00
-3.550781E+00,+4.962390E+00,+2.582954E+00
-3.543750E+00,+4.962390E+00,+2.582954E+00
-3.536719E+00,+4.962390E+00,+2.582954E+00
-3.529688E+00,+4.959877E+00,+2.584210E+00
-3.522656E+00,+4.962390E+00,+2.584210E+00
-3.515625E+00,+4.962390E+00,+2.584210E+00
-3.508594E+00,+4.959877E+00,+2.584210E+00
-3.501563E+00,+4.962390E+00,+2.584210E+00
-3.494531E+00,+4.962390E+00,+2.584210E+00
-3.487500E+00,+4.959877E+00,+2.584210E+00
-3.480469E+00,+4.962390E+00,+2.584210E+00
-3.473438E+00,+4.959877E+00,+2.584210E+00
-3.466406E+00,+4.962390E+00,+2.584210E+00
-3.459375E+00,+4.962390E+00,+2.584210E+00
-3.452344E+00,+4.959877E+00,+2.584210E+00
-3.445313E+00,+4.962390E+00,+2.584210E+00
-3.438281E+00,+4.962390E+00,+2.584210E+00
-3.431250E+00,+4.962390E+00,+2.584210E+00
-3.424219E+00,+4.962390E+00,+2.584210E+00
-3.417188E+00,+4.962390E+00,+2.585466E+00
-3.410156E+00,+4.959877E+00,+2.584210E+00
-3.403125E+00,+4.962390E+00,+2.584210E+00
-3.396094E+00,+4.962390E+00,+2.584210E+00
-3.389063E+00,+4.962390E+00,+2.584210E+00
-3.382031E+00,+4.962390E+00,+2.584210E+00
-3.375000E+00,+4.962390E+00,+2.584210E+00
-3.367969E+00,+4.962390E+00,+2.584210E+00
-3.360938E+00,+4.962390E+00,+2.584210E+00
-3.353906E+00,+4.962390E+00,+2.584210E+00
-3.346875E+00,+4.962390E+00,+2.585466E+00
-3.339844E+00,+4.962390E+00,+2.584210E+00
-3.332813E+00,+4.962390E+00,+2.585466E+00
-3.325781E+00,+4.962390E+00,+2.585466E+00
-3.318750E+00,+4.962390E+00,+2.585466E+00
-3.311719E+00,+4.959877E+00,+2.585466E+00
-3.304688E+00,+4.962390E+00,+2.585466E+00
-3.297656E+00,+4.962390E+00,+2.585466E+00
-3.290625E+00,+4.962390E+00,+2.585466E+00
-3.283594E+00,+4.962390E+00,+2.585466E+00
-3.276563E+00,+4.962390E+00,+2.585466E+00
-3.269531E+00,+4.959877E+00,+2.585466E+00
-3.262500E+00,+4.962390E+00,+2.586723E+00
-3.255469E+00,+4.962390E+00,+2.586723E+00
-3.248438E+00,+4.962390E+00,+2.585466E+00
-3.241406E+00,+4.962390E+00,+2.586723E+00
-3.234375E+00,+4.962390E+00,+2.586723E+00
-3.227344E+00,+4.962390E+00,+2.586723E+00
-3.220313E+00,+4.962390E+00,+2.586723E+00
-3.213281E+00,+4.962390E+00,+2.586723E+00
-3.206250E+00,+4.962390E+00,+2.586723E+00
-3.199219E+00,+4.962390E+00,+2.586723E+00
-3.192188E+00,+4.962390E+00,+2.586723E+00
-3.185156E+00,+4.962390E+00,+2.586723E+00
-3.178125E+00,+4.962390E+00,+2.586723E+00
-3.171094E+00,+4.962390E+00,+2.586723E+00
-3.164063E+00,+4.962390E+00,+2.586723E+00
-3.157031E+00,+4.962390E+00,+2.586723E+00
-3.150000E+00,+4.962390E+00,+2.587979E+00
-3.142969E+00,+4.962390E+00,+2.586723E+00
-3.135938E+00,+4.962390E+00,+2.587979E+00
-3.128906E+00,+4.962390E+00,+2.587979E+00
-3.121875E+00,+4.962390E+00,+2.587979E+00
-3.114844E+00,+4.962390E+00,+2.587979E+00
-3.107813E+00,+4.962390E+00,+2.587979E+00
-3.100781E+00,+4.962390E+00,+2.587979E+00
-3.093750E+00,+4.962390E+00,+2.587979E+00
-3.086719E+00,+4.962390E+00,+2.587979E+00
-3.079688E+00,+4.962390E+00,+2.587979E+00
-3.072656E+00,+4.962390E+00,+2.587979E+00
-3.065625E+00,+4.962390E+00,+2.587979E+00
-3.058594E+00,+4.962390E+00,+2.587979E+00
-3.051563E+00,+4.962390E+00,+2.587979E+00
-3.044531E+00,+4.962390E+00,+2.587979E+00
-3.037500E+00,+4.962390E+00,+2.587979E+00
-3.030469E+00,+4.962390E+00,+2.587979E+00
-3.023438E+00,+4.962390E+00,+2.587979E+00
-3.016406E+00,+4.962390E+00,+2.587979E+00
-3.009375E+00,+4.962390E+00,+2.587979E+00
-3.002344E+00,+4.962390E+00,+2.587979E+00
-2.995313E+00,+4.962390E+00,+2.587979E+00
-2.988281E+00,+4.962390E+00,+2.587979E+00
-2.981250E+00,+4.962390E+00,+2.587979E+00
-2.974219E+00,+4.962390E+00,+2.587979E+00
-2.967188E+00,+4.962390E+00,+2.587979E+00
-2.960156E+00,+4.962390E+00,+2.587979E+00
-2.953125E+00,+4.962390E+00,+2.587979E+00
-2.946094E+00,+4.962390E+00,+2.587979E+00
-2.939063E+00,+4.962390E+00,+2.587979E+00
-2.932031E+00,+4.962390E+00,+2.587979E+00
-2.925000E+00,+4.962390E+00,+2.587979E+00
-2.917969E+00,+4.962390E+00,+2.587979E+00
-2.910938E+00,+4.962390E+00,+2.589235E+00
-2.903906E+00,+4.962390E+00,+2.587979E+00
-2.896875E+00,+4.962390E+00,+2.587979E+00
-2.889844E+00,+4.962390E+00,+2.587979E+00
-2.882813E+00,+4.962390E+00,+2.587979E+00
-2.875781E+00,+4.962390E+00,+2.589235E+00
-2.868750E+00,+4.962390E+00,+2.589235E+00
-2.861719E+00,+4.962390E+00,+2.589235E+00
-2.854688E+00,+4.962390E+00,+2.589235E+00
-2.847656E+00,+4.962390E+00,+2.589235E+00
-2.840625E+00,+4.962390E+00,+2.589235E+00
-2.833594E+00,+4.962390E+00,+2.589235E+00
-2.826563E+00,+4.962390E+00,+2.589235E+00
-2.819531E+00,+4.962390E+00,+2.589235E+00
-2.812500E+00,+4.962390E+00,+2.587979E+00
-2.805469E+00,+4.962390E+00,+2.587979E+00
-2.798438E+00,+4.962390E+00,+2.589235E+00
-2.791406E+00,+4.962390E+00,+2.589235E+00
-2.784375E+00,+4.962390E+00,+2.589235E+00
-2.777344E+00,+4.962390E+00,+2.589235E+00
-2.770313E+00,+4.962390E+00,+2.589235E+00
-2.763281E+00,+4.962390E+00,+2.589235E+00
-2.756250E+00,+4.962390E+00,+2.589235E+00
-2.749219E+00,+4.962390E+00,+2.589235E+00
-2.742188E+00,+4.962390E+00,+2.589235E+00
-2.735156E+00,+4.962390E+00,+2.589235E+00
-2.728125E+00,+4.962390E+00,+2.589235E+00
-2.721094E+00,+4.962390E+00,+2.589235E+00
-2.714063E+00,+4.962390E+00,+2.589235E+00
-2.707031E+00,+4.962390E+00,+2.589235E+00
-2.700000E+00,+4.962390E+00,+2.589235E+00
-2.692969E+00,+4.962390E+00,+2.589235E+00
-2.685938E+00,+4.962390E+00,+2.589235E+00
-2.678906E+00,+4.962390E+00,+2.589235E+00
-2.671875E+00,+4.962390E+00,+2.589235E+00
-2.664844E+00,+4.962390E+00,+2.589235E+00
-2.657813E+00,+4.962390E+00,+2.589235E+00
-2.650781E+00,+4.962390E+00,+2.589235E+00
-2.643750E+00,+4.962390E+00,+2.589235E+00
-2.636719E+00,+4.962390E+00,+2.589235E+00
-2.629688E+00,+4.962390E+00,+2.589235E+00
-2.622656E+00,+4.962390E+00,+2.589235E+00
-2.615625E+00,+4.962390E+00,+2.589235E+00
-2.608594E+00,+4.962390E+00,+2.589235E+00
-2.601563E+00,+4.962390E+00,+2.589235E+00
-2.594531E+00,+4.962390E+00,+2.589235E+00
-2.587500E+00,+4.962390E+00,+2.589235E+00
-2.580469E+00,+4.962390E+00,+2.589235E+00
-2.573438E+00,+4.962390E+00,+2.589235E+00
-2.566406E+00,+4.962390E+00,+2.589235E+00
-2.559375E+00,+4.962390E+00,+2.589235E+00
-2.552344E+00,+4.959877E+00,+2.589235E+00
-2.545313E+00,+4.962390E+00,+2.589235E+00
-2.538281E+00,+4.962390E+00,+2.589235E+00
-2.531250E+00,+4.962390E+00,+2.590492E+00
-2.524219E+00,+4.962390E+00,+2.589235E+00
-2.517188E+00,+4.962390E+00,+2.589235E+00
-2.510156E+00,+4.962390E+00,+2.589235E+00
-2.503125E+00,+4.962390E+00,+2.589235E+00
-2.496094E+00,+4.962390E+00,+2.589235E+00
-2.489063E+00,+4.962390E+00,+2.589235E+00
-2.482031E+00,+4.962390E+00,+2.589235E+00
-2.475000E+00,+4.962390E+00,+2.589235E+00
-2.467969E+00,+4.962390E+00,+2.589235E+00
-2.460938E+00,+4.962390E+00,+2.589235E+00
-2.453906E+00,+4.962390E+00,+2.589235E+00
-2.446875E+00,+4.962390E+00,+2.589235E+00
-2.439844E+00,+4.962390E+00,+2.589235E+00
-2.432813E+00,+4.962390E+00,+2.589235E+00
-2.425781E+00,+4.962390E+00,+2.589235E+00
-2.418750E+00,+4.962390E+00,+2.589235E+00
-2.411719E+00,+4.962390E+00,+2.589235E+00
-2.404688E+00,+4.962390E+00,+2.587979E+00
-2.397656E+00,+4.962390E+00,+2.587979E+00
-2.390625E+00,+4.962390E+00,+2.589235E+00
-2.383594E+00,+4.962390E+00,+2.589235E+00
-2.376563E+00,+4.962390E+00,+2.589235E+00
-2.369531E+00,+4.962390E+00,+2.589235E+00
-2.362500E+00,+4.962390E+00,+2.587979E+00
-2.355469E+00,+4.962390E+00,+2.587979E+00
-2.348438E+00,+4.962390E+00,+2.587979E+00
-2.341406E+00,+4.962390E+00,+2.587979E+00
-2.334375E+00,+4.962390E+00,+2.587979E+00
-2.327344E+00,+4.962390E+00,+2.587979E+00
-2.320313E+00,+4.962390E+00,+2.587979E+00
-2.313281E+00,+4.962390E+00,+2.587979E+00
-2.306250E+00,+4.962390E+00,+2.587979E+00
-2.299219E+00,+4.962390E+00,+2.587979E+00
-2.292188E+00,+4.962390E+00,+2.587979E+00
-2.285156E+00,+4.962390E+00,+2.587979E+00
-2.278125E+00,+4.962390E+00,+2.587979E+00
-2.271094E+00,+4.962390E+00,+2.587979E+00
-2.264063E+00,+4.962390E+00,+2.587979E+00
-2.257031E+00,+4.962390E+00,+2.587979E+00
-2.250000E+00,+4.962390E+00,+2.587979E+00
-2.242969E+00,+4.962390E+00,+2.587979E+00
-2.235938E+00,+4.962390E+00,+2.587979E+00
-2.228906E+00,+4.962390E+00,+2.587979E+00
-2.221875E+00,+4.962390E+00,+2.587979E+00
-2.214844E+00,+4.962390E+00,+2.587979E+00
-2.207813E+00,+4.962390E+00,+2.587979E+00
-2.200781E+00,+4.962390E+00,+2.587979E+00
-2.193750E+00,+4.962390E+00,+2.587979E+00
-2.186719E+00,+4.962390E+00,+2.587979E+00
-2.179688E+00,+4.962390E+00,+2.587979E+00
-2.172656E+00,+4.962390E+00,+2.587979E+00
-2.165625E+00,+4.962390E+00,+2.587979E+00
-2.158594E+00,+4.962390E+00,+2.587979E+00
-2.151563E+00,+4.962390E+00,+2.587979E+00
-2.144531E+00,+4.962390E+00,+2.587979E+00
-2.137500E+00,+4.962390E+00,+2.587979E+00
-2.130469E+00,+4.962390E+00,+2.587979E+00
-2.123438E+00,+4.962390E+00,+2.587979E+00
-2.116406E+00,+4.962390E+00,+2.587979E+00
-2.109375E+00,+4.962390E+00,+2.587979E+00
-2.102344E+00,+4.962390E+00,+2.587979E+00
-2.095313E+00,+4.962390E+00,+2.587979E+00
-2.088281E+00,+4.962390E+00,+2.587979E+00
-2.081250E+00,+4.962390E+00,+2.587979E+00
-2.074219E+00,+4.962390E+00,+2.587979E+00
-2.067188E+00,+4.962390E+00,+2.587979E+00
-2.060156E+00,+4.962390E+00,+2.587979E+00
-2.053125E+00,+4.959877E+00,+2.587979E+00
-2.046094E+00,+4.962390E+00,+2.587979E+00
-2.039063E+00,+4.962390E+00,+2.587979E+00
-2.032031E+00,+4.959877E+00,+2.587979E+00
-2.025000E+00,+4.962390E+00,+2.587979E+00
-2.017969E+00,+4.962390E+00,+2.587979E+00
-2.010938E+00,+4.959877E+00,+2.587979E+00
-2.003906E+00,+4.962390E+00,+2.587979E+00
-1.996875E+00,+4.962390E+00,+2.587979E+00
-1.989844E+00,+4.962390E+00,+2.589235E+00
-1.982813E+00,+4.962390E+00,+2.587979E+00
-1.975781E+00,+4.962390E+00,+2.587979E+00
-1.968750E+00,+4.962390E+00,+2.587979E+00
-1.961719E+00,+4.962390E+00,+2.589235E+00
-1.954688E+00,+4.962390E+00,+2.589235E+00
-1.947656E+00,+4.962390E+00,+2.587979E+00
-1.940625E+00,+4.962390E+00,+2.587979E+00
-1.933594E+00,+4.962390E+00,+2.587979E+00
-1.926563E+00,+4.962390E+00,+2.587979E+00
-1.919531E+00,+4.962390E+00,+2.587979E+00
-1.912500E+00,+4.962390E+00,+2.587979E+00
-1.905469E+00,+4.962390E+00,+2.587979E+00
-1.898438E+00,+4.962390E+00,+2.587979E+00
-1.891406E+00,+4.962390E+00,+2.587979E+00
-1.884375E+00,+4.962390E+00,+2.587979E+00
-1.877344E+00,+4.962390E+00,+2.587979E+00
-1.870313E+00,+4.962390E+00,+2.587979E+00
-1.863281E+00,+4.962390E+00,+2.587979E+00
-1.856250E+00,+4.962390E+00,+2.587979E+00
-1.849219E+00,+4.962390E+00,+2.587979E+00
-1.842188E+00,+4.962390E+00,+2.587979E+00
-1.835156E+00,+4.962390E+00,+2.587979E+00
-1.828125E+00,+4.962390E+00,+2.587979E+00
-1.821094E+00,+4.962390E+00,+2.587979E+00
-1.814063E+00,+4.962390E+00,+2.587979E+00
-1.807031E+00,+4.962390E+00,+2.587979E+00
-1.800000E+00,+4.962390E+00,+2.587979E+00
-1.792969E+00,+4.962390E+00,+2.587979E+00
-1.785938E+00,+4.962390E+00,+2.587979E+00
-1.778906E+00,+4.962390E+00,+2.587979E+00
-1.771875E+00,+4.962390E+00,+2.587979E+00
-1.764844E+00,+4.962390E+00,+2.587979E+00
-1.757813E+00,+4.962390E+00,+2.587979E+00
-1.750781E+00,+4.962390E+00,+2.587979E+00
-1.743750E+00,+4.962390E+00,+2.587979E+00
-1.736719E+00,+4.962390E+00,+2.587979E+00
-1.729688E+00,+4.962390E+00,+2.587979E+00
-1.722656E+00,+4.962390E+00,+2.587979E+00
-1.715625E+00,+4.962390E+00,+2.589235E+00
-1.708594E+00,+4.962390E+00,+2.589235E+00
-1.701563E+00,+4.962390E+00,+2.587979E+00
-1.694531E+00,+4.962390E+00,+2.587979E+00
-1.687500E+00,+4.962390E+00,+2.587979E+00
-1.680469E+00,+4.962390E+00,+2.587979E+00
-1.673438E+00,+4.962390E+00,+2.589235E+00
-1.666406E+00,+4.962390E+00,+2.587979E+00
-1.659375E+00,+4.962390E+00,+2.589235E+00
-1.652344E+00,+4.962390E+00,+2.589235E+00
-1.645313E+00,+4.962390E+00,+2.589235E+00
-1.638281E+00,+4.962390E+00,+2.589235E+00
-1.631250E+00,+4.962390E+00,+2.587979E+00
-1.624219E+00,+4.962390E+00,+2.589235E+00
-1.617188E+00,+4.962390E+00,+2.587979E+00
-1.610156E+00,+4.962390E+00,+2.589235E+00
-1.603125E+00,+4.962390E+00,+2.589235E+00
-1.596094E+00,+4.962390E+00,+2.589235E+00
-1.589063E+00,+4.959877E+00,+2.589235E+00
-1.582031E+00,+4.962390E+00,+2.589235E+00
-1.575000E+00,+4.962390E+00,+2.589235E+00
-1.567969E+00,+4.962390E+00,+2.587979E+00
-1.560938E+00,+4.962390E+00,+2.587979E+00
-1.553906E+00,+4.962390E+00,+2.587979E+00
-1.546875E+00,+4.962390E+00,+2.587979E+00
-1.539844E+00,+4.962390E+00,+2.589235E+00
-1.532813E+00,+4.962390E+00,+2.589235E+00
-1.525781E+00,+4.962390E+00,+2.589235E+00
-1.518750E+00,+4.962390E+00,+2.589235E+00
-1.511719E+00,+4.962390E+00,+2.589235E+00
-1.504688E+00,+4.962390E+00,+2.589235E+00
-1.497656E+00,+4.962390E+00,+2.589235E+00
-1.490625E+00,+4.962390E+00,+2.589235E+00
-1.483594E+00,+4.962390E+00,+2.589235E+00
-1.476563E+00,+4.962390E+00,+2.589235E+00
-1.469531E+00,+4.962390E+00,+2.589235E+00
-1.462500E+00,+4.962390E+00,+2.589235E+00
-1.455469E+00,+4.962390E+00,+2.589235E+00
-1.448438E+00,+4.962390E+00,+2.589235E+00
-1.441406E+00,+4.962390E+00,+2.589235E+00
-1.434375E+00,+4.962390E+00,+2.589235E+00
-1.427344E+00,+4.962390E+00,+2.589235E+00
-1.420313E+00,+4.962390E+00,+2.589235E+00
-1.413281E+00,+4.962390E+00,+2.589235E+00
-1.406250E+00,+4.962390E+00,+2.590492E+00
-1.399219E+00,+4.962390E+00,+2.590492E+00
-1.392188E+00,+4.962390E+00,+2.589235E+00
-1.385156E+00,+4.962390E+00,+2.590492E+00
-1.378125E+00,+4.962390E+00,+2.590492E+00
-1.371094E+00,+4.962390E+00,+2.590492E+00
-1.364063E+00,+4.962390E+00,+2.590492E+00
-1.357031E+00,+4.962390E+00,+2.590492E+00
-1.350000E+00,+4.962390E+00,+2.590492E+00
-1.342969E+00,+4.962390E+00,+2.590492E+00
-1.335938E+00,+4.962390E+00,+2.590492E+00
-1.328906E+00,+4.962390E+00,+2.590492E+00
-1.321875E+00,+4.962390E+00,+2.590492E+00
-1.314844E+00,+4.962390E+00,+2.590492E+00
-1.307813E+00,+4.962390E+00,+2.590492E+00
-1.300781E+00,+4.962390E+00,+2.590492E+00
-1.293750E+00,+4.962390E+00,+2.590492E+00
-1.286719E+00,+4.962390E+00,+2.590492E+00
-1.279688E+00,+4.962390E+00,+2.591748E+00
-1.272656E+00,+4.962390E+00,+2.591748E+00
-1.265625E+00,+4.962390E+00,+2.591748E+00
-1.258594E+00,+4.962390E+00,+2.590492E+00
-1.251563E+00,+4.962390E+00,+2.590492E+00
-1.244531E+00,+4.962390E+00,+2.590492E+00
-1.237500E+00,+4.962390E+00,+2.590492E+00
-1.230469E+00,+4.962390E+00,+2.591748E+00
-1.223438E+00,+4.962390E+00,+2.591748E+00
-1.216406E+00,+4.962390E+00,+2.591748E+00
-1.209375E+00,+4.962390E+00,+2.591748E+00
-1.202344E+00,+4.962390E+00,+2.590492E+00
-1.195313E+00,+4.962390E+00,+2.591748E+00
-1.188281E+00,+4.962390E+00,+2.591748E+00
-1.181250E+00,+4.962390E+00,+2.591748E+00
-1.174219E+00,+4.962390E+00,+2.591748E+00
-1.167188E+00,+4.959877E+00,+2.591748E+00
-1.160156E+00,+4.962390E+00,+2.591748E+00
-1.153125E+00,+4.959877E+00,+2.591748E+00
-1.146094E+00,+4.962390E+00,+2.591748E+00
-1.139063E+00,+4.962390E+00,+2.591748E+00
-1.132031E+00,+4.962390E+00,+2.591748E+00
-1.125000E+00,+4.962390E+00,+2.591748E+00
-1.117969E+00,+4.962390E+00,+2.593004E+00
-1.110938E+00,+4.962390E+00,+2.593004E+00
-1.103906E+00,+4.962390E+00,+2.593004E+00
-1.096875E+00,+4.962390E+00,+2.593004E+00
-1.089844E+00,+4.962390E+00,+2.593004E+00
-1.082813E+00,+4.962390E+00,+2.593004E+00
-1.075781E+00,+4.962390E+00,+2.593004E+00
-1.068750E+00,+4.962390E+00,+2.593004E+00
-1.061719E+00,+4.962390E+00,+2.593004E+00
-1.054688E+00,+4.962390E+00,+2.593004E+00
-1.047656E+00,+4.962390E+00,+2.593004E+00
-1.040625E+00,+4.962390E+00,+2.593004E+00
-1.033594E+00,+4.962390E+00,+2.593004E+00
-1.026563E+00,+4.962390E+00,+2.593004E+00
-1.019531E+00,+4.962390E+00,+2.593004E+00
-1.012500E+00,+4.962390E+00,+2.593004E+00
-1.005469E+00,+4.962390E+00,+2.593004E+00
-998.438E-03,+4.962390E+00,+2.594260E+00
-991.406E-03,+4.959877E+00,+2.594260E+00
-984.375E-03,+4.962390E+00,+2.594260E+00
-977.344E-03,+4.962390E+00,+2.594260E+00
-970.313E-03,+4.962390E+00,+2.594260E+00
-963.281E-03,+4.962390E+00,+2.594260E+00
-956.250E-03,+4.962390E+00,+2.594260E+00
-949.219E-03,+4.962390E+00,+2.594260E+00
-942.188E-03,+4.962390E+00,+2.594260E+00
-935.156E-03,+4.962390E+00,+2.594260E+00
-928.125E-03,+4.962390E+00,+2.594260E+00
-921.094E-03,+4.962390E+00,+2.594260E+00
-914.063E-03,+4.962390E+00,+2.594260E+00
-907.031E-03,+4.962390E+00,+2.594260E+00
-900.000E-03,+4.962390E+00,+2.594260E+00
-892.969E-03,+4.962390E+00,+2.594260E+00
-885.938E-03,+4.962390E+00,+2.594260E+00
-878.906E-03,+4.962390E+00,+2.594260E+00
-871.875E-03,+4.962390E+00,+2.594260E+00
-864.844E-03,+4.962390E+00,+2.594260E+00
-857.813E-03,+4.962390E+00,+2.594260E+00
-850.781E-03,+4.962390E+00,+2.594260E+00
-843.750E-03,+4.962390E+00,+2.594260E+00
-836.719E-03,+4.962390E+00,+2.594260E+00
-829.688E-03,+4.962390E+00,+2.594260E+00
-822.656E-03,+4.962390E+00,+2.595517E+00
-815.625E-03,+4.959877E+00,+2.595517E+00
-808.594E-03,+4.962390E+00,+2.595517E+00
-801.563E-03,+4.962390E+00,+2.595517E+00
-794.531E-03,+4.959877E+00,+2.595517E+00
-787.500E-03,+4.962390E+00,+2.595517E+00
-780.469E-03,+4.962390E+00,+2.595517E+00
-773.438E-03,+4.962390E+00,+2.595517E+00
-766.406E-03,+4.962390E+00,+2.595517E+00
-759.375E-03,+4.962390E+00,+2.595517E+00
-752.344E-03,+4.962390E+00,+2.595517E+00
-745.313E-03,+4.962390E+00,+2.595517E+00
-738.281E-03,+4.962390E+00,+2.595517E+00
-731.250E-03,+4.959877E+00,+2.595517E+00
-724.219E-03,+4.962390E+00,+2.595517E+00
-717.188E-03,+4.962390E+00,+2.595517E+00
-710.156E-03,+4.959877E+00,+2.595517E+00
-703.125E-03,+4.962390E+00,+2.595517E+00
-696.094E-03,+4.962390E+00,+2.595517E+00
-689.063E-03,+4.962390E+00,+2.595517E+00
-682.031E-03,+4.962390E+00,+2.595517E+00
-675.000E-03,+4.962390E+00,+2.595517E+00
-667.969E-03,+4.962390E+00,+2.595517E+00
-660.938E-03,+4.962390E+00,+2.595517E+00
-653.906E-03,+4.962390E+00,+2.595517E+00
-646.875E-03,+4.962390E+00,+2.595517E+00
-639.844E-03,+4.962390E+00,+2.596773E+00
-632.813E-03,+4.962390E+00,+2.596773E+00
-625.781E-03,+4.962390E+00,+2.595517E+00
-618.750E-03,+4.962390E+00,+2.596773E+00
-611.719E-03,+4.962390E+00,+2.596773E+00
-604.688E-03,+4.962390E+00,+2.596773E+00
-597.656E-03,+4.962390E+00,+2.596773E+00
-590.625E-03,+4.962390E+00,+2.595517E+00
-583.594E-03,+4.962390E+00,+2.596773E+00
-576.563E-03,+4.962390E+00,+2.596773E+00
-569.531E-03,+4.962390E+00,+2.596773E+00
-562.500E-03,+4.962390E+00,+2.596773E+00
-555.469E-03,+4.962390E+00,+2.596773E+00
-548.438E-03,+4.959877E+00,+2.596773E+00
-541.406E-03,+4.962390E+00,+2.596773E+00
-534.375E-03,+4.962390E+00,+2.596773E+00
-527.344E-03,+4.962390E+00,+2.596773E+00
-520.313E-03,+4.962390E+00,+2.596773E+00
-513.281E-03,+4.962390E+00,+2.596773E+00
-506.250E-03,+4.962390E+00,+2.596773E+00
-499.219E-03,+4.962390E+00,+2.596773E+00
-492.188E-03,+4.962390E+00,+2.596773E+00
-485.156E-03,+4.962390E+00,+2.596773E+00
-478.125E-03,+4.962390E+00,+2.596773E+00
-471.094E-03,+4.962390E+00,+2.596773E+00
-464.063E-03,+4.962390E+00,+2.596773E+00
-457.031E-03,+4.959877E+00,+2.596773E+00
-450.000E-03,+4.959877E+00,+2.596773E+00
-442.969E-03,+4.962390E+00,+2.596773E+00
-435.938E-03,+4.959877E+00,+2.596773E+00
-428.906E-03,+4.959877E+00,+2.596773E+00
-421.875E-03,+4.962390E+00,+2.596773E+00
-414.844E-03,+4.962390E+00,+2.596773E+00
-407.813E-03,+4.962390E+00,+2.596773E+00
-400.781E-03,+4.962390E+00,+2.596773E+00
-393.750E-03,+4.959877E+00,+2.596773E+00
-386.719E-03,+4.962390E+00,+2.596773E+00
-379.688E-03,+4.962390E+00,+2.596773E+00
-372.656E-03,+4.959877E+00,+2.596773E+00
-365.625E-03,+4.962390E+00,+2.596773E+00
-358.594E-03,+4.962390E+00,+2.596773E+00
-351.563E-03,+4.959877E+00,+2.596773E+00
-344.531E-03,+4.962390E+00,+2.596773E+00
-337.500E-03,+4.962390E+00,+2.598029E+00
-330.469E-03,+4.962390E+00,+2.596773E+00
-323.438E-03,+4.962390E+00,+2.598029E+00
-316.406E-03,+4.962390E+00,+2.596773E+00
-309.375E-03,+4.962390E+00,+2.596773E+00
-302.344E-03,+4.962390E+00,+2.596773E+00
-295.313E-03,+4.959877E+00,+2.596773E+00
-288.281E-03,+4.962390E+00,+2.596773E+00
-281.250E-03,+4.962390E+00,+2.596773E+00
-274.219E-03,+4.962390E+00,+2.596773E+00
-267.188E-03,+4.962390E+00,+2.596773E+00
-260.156E-03,+4.962390E+00,+2.596773E+00
-253.125E-03,+4.959877E+00,+2.596773E+00
-246.094E-03,+4.962390E+00,+2.596773E+00
-239.063E-03,+4.959877E+00,+2.596773E+00
-232.031E-03,+4.959877E+00,+2.596773E+00
-225.000E-03,+4.959877E+00,+2.596773E+00
-217.969E-03,+4.959877E+00,+2.596773E+00
-210.938E-03,+4.959877E+00,+2.596773E+00
-203.906E-03,+4.962390E+00,+2.596773E+00
-196.875E-03,+4.962390E+00,+2.596773E+00
-189.844E-03,+4.959877E+00,+2.598029E+00
-182.813E-03,+4.962390E+00,+2.596773E+00
-175.781E-03,+4.959877E+00,+2.598029E+00
-168.750E-03,+4.962390E+00,+2.596773E+00
-161.719E-03,+4.962390E+00,+2.596773E+00
-154.688E-03,+4.959877E+00,+2.596773E+00
-147.656E-03,+4.962390E+00,+2.598029E+00
-140.625E-03,+4.962390E+00,+2.598029E+00
-133.594E-03,+4.959877E+00,+2.596773E+00
-126.563E-03,+4.962390E+00,+2.596773E+00
-119.531E-03,+4.962390E+00,+2.598029E+00
-112.500E-03,+4.962390E+00,+2.598029E+00
-105.469E-03,+4.962390E+00,+2.598029E+00
-98.438E-03,+4.962390E+00,+2.598029E+00
-91.406E-03,+4.959877E+00,+2.598029E+00
-84.375E-03,+4.962390E+00,+2.598029E+00
-77.344E-03,+4.962390E+00,+2.598029E+00
-70.313E-03,+4.959877E+00,+2.596773E+00
-63.281E-03,+4.962390E+00,+2.598029E+00
-56.250E-03,+4.962390E+00,+2.598029E+00
-49.219E-03,+4.962390E+00,+2.598029E+00
-42.188E-03,+4.962390E+00,+2.598029E+00
-35.156E-03,+4.962390E+00,+2.598029E+00
-28.125E-03,+4.962390E+00,+2.596773E+00
-21.094E-03,+4.962390E+00,+2.596773E+00
-14.063E-03,+4.959877E+00,+2.598029E+00
-7.031E-03,+4.959877E+00,+2.596773E+00
